batch	status	oldPath	path
1A	M	-	README.md
1A	M	-	docs/README.md
1A	M	-	tools/personal_space/README.md
1B	M	-	README.md
1B	M	-	apps/landing/src/content/index.ts
1B	M	-	apps/landing/src/lib/resources/manifest.ts
1B	M	-	apps/landing/tests/build/content-layer-guards.mjs
1B	M	-	docs/README.md
1B	R100	docs/01-architecture.md	docs/architecture/01-architecture.md
1B	R092	docs/02-visual-system.md	docs/architecture/02-visual-system.md
1B	R100	docs/03-performance-and-assets.md	docs/architecture/03-performance-and-assets.md
1B	R094	docs/04-file-structure.md	docs/architecture/04-file-structure.md
1B	R100	docs/05-tests-and-guards.md	docs/architecture/05-tests-and-guards.md
1B	A	-	docs/archive/README.md
1B	R100	docs/pm/README.md	docs/archive/personal-archive-pm/README.md
1B	R100	docs/pm/baselines/2026-09-09-files.json	docs/archive/personal-archive-pm/baselines/2026-09-09-files.json
1B	R100	docs/pm/baselines/2026-09-09.md	docs/archive/personal-archive-pm/baselines/2026-09-09.md
1B	R100	docs/pm/board-history-2026-09-10.md	docs/archive/personal-archive-pm/board-history-2026-09-10.md
1B	R098	docs/pm/board.md	docs/archive/personal-archive-pm/board.md
1B	R094	docs/pm/cards/NR-00-architecture.md	docs/archive/personal-archive-pm/cards/NR-00-architecture.md
1B	R098	docs/pm/cards/NR-01A-semantic-sampling.md	docs/archive/personal-archive-pm/cards/NR-01A-semantic-sampling.md
1B	R096	docs/pm/cards/NR-01B-R1-channel-coverage.md	docs/archive/personal-archive-pm/cards/NR-01B-R1-channel-coverage.md
1B	R088	docs/pm/cards/NR-01B-R2-build-type.md	docs/archive/personal-archive-pm/cards/NR-01B-R2-build-type.md
1B	R098	docs/pm/cards/NR-01B-binding-inspection.md	docs/archive/personal-archive-pm/cards/NR-01B-binding-inspection.md
1B	R089	docs/pm/cards/NR-01C-R1-diagnostic-isolation.md	docs/archive/personal-archive-pm/cards/NR-01C-R1-diagnostic-isolation.md
1B	R098	docs/pm/cards/NR-01C-shadow-observation.md	docs/archive/personal-archive-pm/cards/NR-01C-shadow-observation.md
1B	R098	docs/pm/cards/NR-02A-animation-execution.md	docs/archive/personal-archive-pm/cards/NR-02A-animation-execution.md
1B	R093	docs/pm/cards/NR-02B-R1-transient-recovery.md	docs/archive/personal-archive-pm/cards/NR-02B-R1-transient-recovery.md
1B	R095	docs/pm/cards/NR-02B-sample-takeover.md	docs/archive/personal-archive-pm/cards/NR-02B-sample-takeover.md
1B	R085	docs/pm/cards/NR-02P-execution-boundary.md	docs/archive/personal-archive-pm/cards/NR-02P-execution-boundary.md
1B	R096	docs/pm/cards/NR-03-photo-return.md	docs/archive/personal-archive-pm/cards/NR-03-photo-return.md
1B	R097	docs/pm/cards/NR-04-global-rollout.md	docs/archive/personal-archive-pm/cards/NR-04-global-rollout.md
1B	R073	docs/pm/cards/NR-05-R1-room-entry-hit-testing.md	docs/archive/personal-archive-pm/cards/NR-05-R1-room-entry-hit-testing.md
1B	R079	docs/pm/cards/NR-05-R2-click-navigation-diagnosis.md	docs/archive/personal-archive-pm/cards/NR-05-R2-click-navigation-diagnosis.md
1B	R091	docs/pm/cards/NR-05-R3-seek-layout-commit.md	docs/archive/personal-archive-pm/cards/NR-05-R3-seek-layout-commit.md
1B	R084	docs/pm/cards/NR-05-R4-contact-media-ownership.md	docs/archive/personal-archive-pm/cards/NR-05-R4-contact-media-ownership.md
1B	R096	docs/pm/cards/NR-05-work-contact-rollout.md	docs/archive/personal-archive-pm/cards/NR-05-work-contact-rollout.md
1B	R069	docs/pm/cards/NR-05P-rollout-map.md	docs/archive/personal-archive-pm/cards/NR-05P-rollout-map.md
1B	R071	docs/pm/cards/NR-Q01-promotion-acceptance.md	docs/archive/personal-archive-pm/cards/NR-Q01-promotion-acceptance.md
1B	R073	docs/pm/cards/NR-Q02-R1-recheck.md	docs/archive/personal-archive-pm/cards/NR-Q02-R1-recheck.md
1B	R088	docs/pm/cards/NR-Q02-sample-verification.md	docs/archive/personal-archive-pm/cards/NR-Q02-sample-verification.md
1B	R091	docs/pm/cards/NR-Q03-photo-return-verification.md	docs/archive/personal-archive-pm/cards/NR-Q03-photo-return-verification.md
1B	R091	docs/pm/cards/NR-Q04-R1-binding-evidence.md	docs/archive/personal-archive-pm/cards/NR-Q04-R1-binding-evidence.md
1B	R092	docs/pm/cards/NR-Q04-global-verification.md	docs/archive/personal-archive-pm/cards/NR-Q04-global-verification.md
1B	R088	docs/pm/cards/NR-Q05-R1-real-user-journey.md	docs/archive/personal-archive-pm/cards/NR-Q05-R1-real-user-journey.md
1B	R075	docs/pm/cards/NR-Q05-R2-room-entry-journey-recheck.md	docs/archive/personal-archive-pm/cards/NR-Q05-R2-room-entry-journey-recheck.md
1B	R090	docs/pm/cards/NR-Q05-R3-navigation-closure.md	docs/archive/personal-archive-pm/cards/NR-Q05-R3-navigation-closure.md
1B	R074	docs/pm/cards/NR-Q05-R4-contact-lifecycle-recheck.md	docs/archive/personal-archive-pm/cards/NR-Q05-R4-contact-lifecycle-recheck.md
1B	R090	docs/pm/cards/NR-Q05-full-rollout-verification.md	docs/archive/personal-archive-pm/cards/NR-Q05-full-rollout-verification.md
1B	R097	docs/pm/cards/PA-001-baseline.md	docs/archive/personal-archive-pm/cards/PA-001-baseline.md
1B	R097	docs/pm/cards/VR-01-spatial-reading-refinement.md	docs/archive/personal-archive-pm/cards/VR-01-spatial-reading-refinement.md
1B	R080	docs/pm/cards/VR-02-html-canvas-production.md	docs/archive/personal-archive-pm/cards/VR-02-html-canvas-production.md
1B	R097	docs/pm/cards/VR-02A-origin-config.md	docs/archive/personal-archive-pm/cards/VR-02A-origin-config.md
1B	R086	docs/pm/cards/VR-02B-about-capture.md	docs/archive/personal-archive-pm/cards/VR-02B-about-capture.md
1B	R080	docs/pm/cards/VR-02P-html-canvas-production-audit.md	docs/archive/personal-archive-pm/cards/VR-02P-html-canvas-production-audit.md
1B	R091	docs/pm/cards/VR-03-R1-frame-capture.md	docs/archive/personal-archive-pm/cards/VR-03-R1-frame-capture.md
1B	R100	docs/pm/cards/VR-03-R2-laser-eligibility.md	docs/archive/personal-archive-pm/cards/VR-03-R2-laser-eligibility.md
1B	R090	docs/pm/cards/VR-03-local-effects.md	docs/archive/personal-archive-pm/cards/VR-03-local-effects.md
1B	R079	docs/pm/cards/VR-Q01-technical-review.md	docs/archive/personal-archive-pm/cards/VR-Q01-technical-review.md
1B	R100	docs/pm/inputs/narrative-runtime-proposal.md	docs/archive/personal-archive-pm/inputs/narrative-runtime-proposal.md
1B	R100	docs/pm/narrative-runtime-plan.md	docs/archive/personal-archive-pm/narrative-runtime-plan.md
1B	R096	docs/pm/product-brief.md	docs/archive/personal-archive-pm/product-brief.md
1B	R100	docs/pm/reports/NR-00-architecture.md	docs/archive/personal-archive-pm/reports/NR-00-architecture.md
1B	R100	docs/pm/reports/NR-00-contract-v2.md	docs/archive/personal-archive-pm/reports/NR-00-contract-v2.md
1B	R097	docs/pm/reports/NR-00-contract.md	docs/archive/personal-archive-pm/reports/NR-00-contract.md
1B	R100	docs/pm/reports/NR-00-pm-acceptance.md	docs/archive/personal-archive-pm/reports/NR-00-pm-acceptance.md
1B	R100	docs/pm/reports/NR-00-pm-review.md	docs/archive/personal-archive-pm/reports/NR-00-pm-review.md
1B	R093	docs/pm/reports/NR-00-revision.md	docs/archive/personal-archive-pm/reports/NR-00-revision.md
1B	R100	docs/pm/reports/NR-01A-delivery.md	docs/archive/personal-archive-pm/reports/NR-01A-delivery.md
1B	R100	docs/pm/reports/NR-01A-pm-review.md	docs/archive/personal-archive-pm/reports/NR-01A-pm-review.md
1B	R100	docs/pm/reports/NR-01B-R1-delivery.md	docs/archive/personal-archive-pm/reports/NR-01B-R1-delivery.md
1B	R100	docs/pm/reports/NR-01B-R2-delivery.md	docs/archive/personal-archive-pm/reports/NR-01B-R2-delivery.md
1B	R100	docs/pm/reports/NR-01B-R2-pm-review.md	docs/archive/personal-archive-pm/reports/NR-01B-R2-pm-review.md
1B	R100	docs/pm/reports/NR-01B-delivery.md	docs/archive/personal-archive-pm/reports/NR-01B-delivery.md
1B	R100	docs/pm/reports/NR-01B-pm-acceptance.md	docs/archive/personal-archive-pm/reports/NR-01B-pm-acceptance.md
1B	R100	docs/pm/reports/NR-01B-pm-review.md	docs/archive/personal-archive-pm/reports/NR-01B-pm-review.md
1B	R100	docs/pm/reports/NR-01C-R1-delivery.md	docs/archive/personal-archive-pm/reports/NR-01C-R1-delivery.md
1B	R098	docs/pm/reports/NR-01C-delivery.md	docs/archive/personal-archive-pm/reports/NR-01C-delivery.md
1B	R100	docs/pm/reports/NR-01C-pm-acceptance.md	docs/archive/personal-archive-pm/reports/NR-01C-pm-acceptance.md
1B	R100	docs/pm/reports/NR-01C-pm-review.md	docs/archive/personal-archive-pm/reports/NR-01C-pm-review.md
1B	R100	docs/pm/reports/NR-02A-delivery.md	docs/archive/personal-archive-pm/reports/NR-02A-delivery.md
1B	R100	docs/pm/reports/NR-02A-pm-acceptance.md	docs/archive/personal-archive-pm/reports/NR-02A-pm-acceptance.md
1B	R100	docs/pm/reports/NR-02B-R1-delivery.md	docs/archive/personal-archive-pm/reports/NR-02B-R1-delivery.md
1B	R099	docs/pm/reports/NR-02B-delivery.md	docs/archive/personal-archive-pm/reports/NR-02B-delivery.md
1B	R100	docs/pm/reports/NR-02B-pm-acceptance.md	docs/archive/personal-archive-pm/reports/NR-02B-pm-acceptance.md
1B	R100	docs/pm/reports/NR-02B-pm-review.md	docs/archive/personal-archive-pm/reports/NR-02B-pm-review.md
1B	R100	docs/pm/reports/NR-02P-delivery.md	docs/archive/personal-archive-pm/reports/NR-02P-delivery.md
1B	R100	docs/pm/reports/NR-02P-execution-boundary.md	docs/archive/personal-archive-pm/reports/NR-02P-execution-boundary.md
1B	R100	docs/pm/reports/NR-02P-pm-review.md	docs/archive/personal-archive-pm/reports/NR-02P-pm-review.md
1B	R100	docs/pm/reports/NR-03-delivery.md	docs/archive/personal-archive-pm/reports/NR-03-delivery.md
1B	R100	docs/pm/reports/NR-03-pm-acceptance.md	docs/archive/personal-archive-pm/reports/NR-03-pm-acceptance.md
1B	R100	docs/pm/reports/NR-03-pm-observations.md	docs/archive/personal-archive-pm/reports/NR-03-pm-observations.md
1B	R088	docs/pm/reports/NR-04-delivery.md	docs/archive/personal-archive-pm/reports/NR-04-delivery.md
1B	R100	docs/pm/reports/NR-04-pm-acceptance.md	docs/archive/personal-archive-pm/reports/NR-04-pm-acceptance.md
1B	R100	docs/pm/reports/NR-05-R1-delivery.md	docs/archive/personal-archive-pm/reports/NR-05-R1-delivery.md
1B	R100	docs/pm/reports/NR-05-R2-click-navigation-diagnosis.md	docs/archive/personal-archive-pm/reports/NR-05-R2-click-navigation-diagnosis.md
1B	R100	docs/pm/reports/NR-05-R3-delivery.md	docs/archive/personal-archive-pm/reports/NR-05-R3-delivery.md
1B	R100	docs/pm/reports/NR-05-R4-delivery.md	docs/archive/personal-archive-pm/reports/NR-05-R4-delivery.md
1B	R100	docs/pm/reports/NR-05-delivery.md	docs/archive/personal-archive-pm/reports/NR-05-delivery.md
1B	R100	docs/pm/reports/NR-05-pm-acceptance.md	docs/archive/personal-archive-pm/reports/NR-05-pm-acceptance.md
1B	R100	docs/pm/reports/NR-05P-pm-review.md	docs/archive/personal-archive-pm/reports/NR-05P-pm-review.md
1B	R100	docs/pm/reports/NR-05P-rollout-map.md	docs/archive/personal-archive-pm/reports/NR-05P-rollout-map.md
1B	R100	docs/pm/reports/NR-Q01-promotion-acceptance.md	docs/archive/personal-archive-pm/reports/NR-Q01-promotion-acceptance.md
1B	R091	docs/pm/reports/NR-Q02-R1-recheck.md	docs/archive/personal-archive-pm/reports/NR-Q02-R1-recheck.md
1B	R090	docs/pm/reports/NR-Q02-sample-verification.md	docs/archive/personal-archive-pm/reports/NR-Q02-sample-verification.md
1B	R098	docs/pm/reports/NR-Q03-photo-return-verification.md	docs/archive/personal-archive-pm/reports/NR-Q03-photo-return-verification.md
1B	R096	docs/pm/reports/NR-Q04-R1-binding-evidence.md	docs/archive/personal-archive-pm/reports/NR-Q04-R1-binding-evidence.md
1B	R098	docs/pm/reports/NR-Q04-global-verification.md	docs/archive/personal-archive-pm/reports/NR-Q04-global-verification.md
1B	R096	docs/pm/reports/NR-Q05-R1-real-user-journey.md	docs/archive/personal-archive-pm/reports/NR-Q05-R1-real-user-journey.md
1B	R100	docs/pm/reports/NR-Q05-R2-click-trace.md	docs/archive/personal-archive-pm/reports/NR-Q05-R2-click-trace.md
1B	R095	docs/pm/reports/NR-Q05-R2-room-entry-journey-recheck.md	docs/archive/personal-archive-pm/reports/NR-Q05-R2-room-entry-journey-recheck.md
1B	R100	docs/pm/reports/NR-Q05-R3-navigation-closure.md	docs/archive/personal-archive-pm/reports/NR-Q05-R3-navigation-closure.md
1B	R100	docs/pm/reports/NR-Q05-R4-contact-lifecycle-recheck.md	docs/archive/personal-archive-pm/reports/NR-Q05-R4-contact-lifecycle-recheck.md
1B	R098	docs/pm/reports/NR-Q05-full-rollout-verification.md	docs/archive/personal-archive-pm/reports/NR-Q05-full-rollout-verification.md
1B	R100	docs/pm/reports/VR-01-delivery.md	docs/archive/personal-archive-pm/reports/VR-01-delivery.md
1B	R100	docs/pm/reports/VR-01-pm-mid-review.md	docs/archive/personal-archive-pm/reports/VR-01-pm-mid-review.md
1B	R091	docs/pm/reports/VR-02A-delivery.md	docs/archive/personal-archive-pm/reports/VR-02A-delivery.md
1B	R098	docs/pm/reports/VR-02B-delivery.md	docs/archive/personal-archive-pm/reports/VR-02B-delivery.md
1B	R100	docs/pm/reports/VR-02B-vendor-provenance.md	docs/archive/personal-archive-pm/reports/VR-02B-vendor-provenance.md
1B	R099	docs/pm/reports/VR-02P-html-canvas-audit.md	docs/archive/personal-archive-pm/reports/VR-02P-html-canvas-audit.md
1B	R100	docs/pm/reports/VR-02P-local-effects-map.md	docs/archive/personal-archive-pm/reports/VR-02P-local-effects-map.md
1B	R095	docs/pm/reports/VR-03-R1-delivery.md	docs/archive/personal-archive-pm/reports/VR-03-R1-delivery.md
1B	R100	docs/pm/reports/VR-03-R2-delivery.md	docs/archive/personal-archive-pm/reports/VR-03-R2-delivery.md
1B	R093	docs/pm/reports/VR-03-delivery.md	docs/archive/personal-archive-pm/reports/VR-03-delivery.md
1B	R100	docs/pm/reports/VR-03-glass-vendor-provenance.md	docs/archive/personal-archive-pm/reports/VR-03-glass-vendor-provenance.md
1B	R100	docs/pm/reports/VR-03-pm-mid-review.md	docs/archive/personal-archive-pm/reports/VR-03-pm-mid-review.md
1B	R100	docs/pm/reports/VR-03-work-capture-audit.md	docs/archive/personal-archive-pm/reports/VR-03-work-capture-audit.md
1B	R096	docs/pm/reports/VR-Q01-R1-final-review.md	docs/archive/personal-archive-pm/reports/VR-Q01-R1-final-review.md
1B	R094	docs/pm/reports/VR-Q01-R2-final-review.md	docs/archive/personal-archive-pm/reports/VR-Q01-R2-final-review.md
1B	R095	docs/pm/reports/VR-Q01-final-review.md	docs/archive/personal-archive-pm/reports/VR-Q01-final-review.md
1B	R094	docs/pm/reports/VR-Q01-technical-review.md	docs/archive/personal-archive-pm/reports/VR-Q01-technical-review.md
1B	R095	docs/pm/reports/VR-pm-acceptance.md	docs/archive/personal-archive-pm/reports/VR-pm-acceptance.md
1B	R098	docs/pm/reports/VR-user-review.md	docs/archive/personal-archive-pm/reports/VR-user-review.md
1B	R066	docs/pm/sessions/ARCH.md	docs/archive/personal-archive-pm/sessions/ARCH.md
1B	R073	docs/pm/sessions/ART.md	docs/archive/personal-archive-pm/sessions/ART.md
1B	R061	docs/pm/sessions/DEV.md	docs/archive/personal-archive-pm/sessions/DEV.md
1B	R087	docs/pm/sessions/PM.md	docs/archive/personal-archive-pm/sessions/PM.md
1B	R070	docs/pm/sessions/QA.md	docs/archive/personal-archive-pm/sessions/QA.md
1B	R100	docs/pm/sessions/README.md	docs/archive/personal-archive-pm/sessions/README.md
1B	R100	docs/pm/templates/report.md	docs/archive/personal-archive-pm/templates/report.md
1B	R100	docs/pm/templates/task-card.md	docs/archive/personal-archive-pm/templates/task-card.md
1B	R100	docs/pm/workflow.md	docs/archive/personal-archive-pm/workflow.md
1B	A	-	docs/maintenance/repository-structure/document-migration.md
1B	A	-	docs/maintenance/repository-structure/document-moves.tsv
1B	A	-	docs/maintenance/repository-structure/unresolved-historical-links.tsv
1B	R100	plan/00-principles.md	docs/roadmap/builder-graph/00-principles.md
1B	R100	plan/01-north-star.md	docs/roadmap/builder-graph/01-north-star.md
1B	R100	plan/02-system-boundaries.md	docs/roadmap/builder-graph/02-system-boundaries.md
1B	R100	plan/03-product-pillars.md	docs/roadmap/builder-graph/03-product-pillars.md
1B	R100	plan/04-evidence-and-trust.md	docs/roadmap/builder-graph/04-evidence-and-trust.md
1B	R100	plan/05-guards-and-budgets.md	docs/roadmap/builder-graph/05-guards-and-budgets.md
1B	R100	plan/06-roadmap.md	docs/roadmap/builder-graph/06-roadmap.md
1B	R100	plan/07-phase-a-foundation.md	docs/roadmap/builder-graph/07-phase-a-foundation.md
1B	R100	plan/08-phase-a-github-boundary.md	docs/roadmap/builder-graph/08-phase-a-github-boundary.md
1B	R100	plan/09-phase-a-graph-adapter.md	docs/roadmap/builder-graph/09-phase-a-graph-adapter.md
1B	R100	plan/10-phase-a-graph-surface.md	docs/roadmap/builder-graph/10-phase-a-graph-surface.md
1B	R100	plan/11-phase-a-public-preview.md	docs/roadmap/builder-graph/11-phase-a-public-preview.md
1B	R100	plan/12-phase-a-public-github-service.md	docs/roadmap/builder-graph/12-phase-a-public-github-service.md
1B	R100	plan/13-phase-a-preview-quality.md	docs/roadmap/builder-graph/13-phase-a-preview-quality.md
1B	R100	plan/14-phase-a-fixture-tests.md	docs/roadmap/builder-graph/14-phase-a-fixture-tests.md
1B	R100	plan/README.md	docs/roadmap/builder-graph/README.md
1C	M	-	docs/README.md
1C	A	-	docs/maintenance/repository-structure/README.md
1C	A	-	docs/maintenance/repository-structure/local-artifacts.md
1C	A	-	docs/maintenance/repository-structure/verification.md
2A	R095	apps/landing/src/components/About.tsx	apps/landing/src/chapters/about/About.tsx
2A	R100	apps/landing/src/styles/components/about-evidence.css	apps/landing/src/chapters/about/styles/about-evidence.css
2A	R100	apps/landing/src/styles/components/about.css	apps/landing/src/chapters/about/styles/about.css
2A	R100	apps/landing/src/components/frame/ArchiveClusterPanel.tsx	apps/landing/src/chapters/frame/ArchiveClusterPanel.tsx
2A	R100	apps/landing/src/components/frame/ArchiveEditorialCopy.tsx	apps/landing/src/chapters/frame/ArchiveEditorialCopy.tsx
2A	M	-	apps/landing/src/chapters/frame/ArchiveFrame.tsx
2A	R098	apps/landing/src/components/frame/ArchiveImageSlot.tsx	apps/landing/src/chapters/frame/ArchiveImageSlot.tsx
2A	R100	apps/landing/src/components/frame/ArchiveMarkers.tsx	apps/landing/src/chapters/frame/ArchiveMarkers.tsx
2A	R100	apps/landing/src/components/frame/ArchiveRail.tsx	apps/landing/src/chapters/frame/ArchiveRail.tsx
2A	R100	apps/landing/src/components/frame/ArchiveTextPanel.tsx	apps/landing/src/chapters/frame/ArchiveTextPanel.tsx
2A	R098	apps/landing/src/components/frame/ArchiveThemeSection.tsx	apps/landing/src/chapters/frame/ArchiveThemeSection.tsx
2A	R090	apps/landing/src/components/Frame.tsx	apps/landing/src/chapters/frame/Frame.tsx
2A	R099	apps/landing/src/components/frame/FrameParticleHandoff.tsx	apps/landing/src/chapters/frame/FrameParticleHandoff.tsx
2A	R099	apps/landing/src/components/frame/FrameTitleParticles.tsx	apps/landing/src/chapters/frame/FrameTitleParticles.tsx
2A	R100	apps/landing/src/components/frame/HorizontalBendSurface.tsx	apps/landing/src/chapters/frame/HorizontalBendSurface.tsx
2A	R100	apps/landing/src/components/frame/frameScrollMath.ts	apps/landing/src/chapters/frame/frameScrollMath.ts
2A	R100	apps/landing/src/components/frame/frameTitleCapture.ts	apps/landing/src/chapters/frame/frameTitleCapture.ts
2A	R100	apps/landing/src/styles/components/frame.css	apps/landing/src/chapters/frame/styles/frame.css
2A	R100	apps/landing/src/styles/components/frame/archive-cluster.css	apps/landing/src/chapters/frame/styles/frame/archive-cluster.css
2A	R100	apps/landing/src/styles/components/frame/archive-responsive.css	apps/landing/src/chapters/frame/styles/frame/archive-responsive.css
2A	R100	apps/landing/src/styles/components/frame/archive-slot.css	apps/landing/src/chapters/frame/styles/frame/archive-slot.css
2A	R100	apps/landing/src/styles/components/frame/archive-theme.css	apps/landing/src/chapters/frame/styles/frame/archive-theme.css
2A	R100	apps/landing/src/components/frame/useArchiveThemeScroll.ts	apps/landing/src/chapters/frame/useArchiveThemeScroll.ts
2A	R097	apps/landing/src/components/Hero.tsx	apps/landing/src/chapters/hero/Hero.tsx
2A	R096	apps/landing/src/components/ParticlePortrait.tsx	apps/landing/src/chapters/hero/ParticlePortrait.tsx
2A	M	-	apps/landing/src/chapters/hero/index.ts
2A	R100	apps/landing/src/components/shaders/ParticlePortrait.frag.glsl	apps/landing/src/chapters/hero/shaders/ParticlePortrait.frag.glsl
2A	R100	apps/landing/src/components/shaders/ParticlePortrait.vert.glsl	apps/landing/src/chapters/hero/shaders/ParticlePortrait.vert.glsl
2A	R100	apps/landing/src/styles/components/hero.css	apps/landing/src/chapters/hero/styles/hero.css
2A	R092	apps/landing/src/components/LifeGallery.tsx	apps/landing/src/chapters/life/LifeGallery.tsx
2A	M	-	apps/landing/src/chapters/life/index.ts
2A	R100	apps/landing/src/styles/components/life-gallery.css	apps/landing/src/chapters/life/styles/life-gallery.css
2A	R100	apps/landing/src/components/skills/SkillRowItem.tsx	apps/landing/src/chapters/skills/SkillRowItem.tsx
2A	R091	apps/landing/src/components/Skills.tsx	apps/landing/src/chapters/skills/Skills.tsx
2A	M	-	apps/landing/src/chapters/skills/index.ts
2A	R100	apps/landing/src/styles/components/skills.css	apps/landing/src/chapters/skills/styles/skills.css
2A	R100	apps/landing/src/styles/components/stack-editorial.css	apps/landing/src/chapters/skills/styles/stack-editorial.css
2A	R100	apps/landing/src/components/skills/useSkillsFlowLine.ts	apps/landing/src/chapters/skills/useSkillsFlowLine.ts
2A	M	-	apps/landing/src/chapters/work-transition/ArchiveWorkTransition.tsx
2A	R095	apps/landing/src/components/WorkTransition.tsx	apps/landing/src/chapters/work-transition/WorkTransition.tsx
2A	R100	apps/landing/src/styles/components/work-transition.css	apps/landing/src/chapters/work-transition/styles/work-transition.css
2A	M	-	apps/landing/src/components/personal-archive/ArchiveAbout.tsx
2A	M	-	apps/landing/src/components/personal-archive/ArchiveHandoffPage.tsx
2A	M	-	apps/landing/src/styles/app.css
2A	M	-	apps/landing/tests/archivePhotoTransfer.test.ts
2A	M	-	apps/landing/tests/build/archive-render-guards.mjs
2A	M	-	apps/landing/tests/build/chapter-state-guards.mjs
2A	M	-	apps/landing/tests/build/content-layer-guards.mjs
2A	M	-	apps/landing/tests/build/experience-effects-guards.mjs
2A	M	-	apps/landing/tests/build/frame-architecture-guards.mjs
2A	M	-	apps/landing/tests/build/loader-preload-guards.mjs
2A	M	-	apps/landing/tests/frameScrollMath.test.ts
2A	M	-	apps/landing/tests/frameTitleCapture.test.ts
2A	M	-	docs/architecture/01-architecture.md
2A	M	-	docs/architecture/04-file-structure.md
2A	M	-	docs/maintenance/repository-structure/README.md
2A	A	-	docs/maintenance/repository-structure/chapter-migration.md
2A	A	-	docs/maintenance/repository-structure/chapter-moves.tsv
2A	M	-	docs/maintenance/repository-structure/verification.md
2B	M	-	docs/maintenance/repository-structure/README.md
2B	A	-	docs/maintenance/repository-structure/personal-archive-plan.md
2B	M	-	docs/maintenance/repository-structure/verification.md
3	D	apps/landing/src/chapters/skills/useSkillsFlowLine.ts	-
3	D	apps/landing/src/components/ASCIIText.tsx	-
3	D	apps/landing/src/components/Footer.tsx	-
3	D	apps/landing/src/components/Projects.tsx	-
3	D	apps/landing/src/components/personal-archive/ArchiveChapterRoom.tsx	-
3	D	apps/landing/src/components/personal-archive/ArchiveLighting.tsx	-
3	D	apps/landing/src/components/personal-archive/ArchiveRoom.tsx	-
3	D	apps/landing/src/components/personal-archive/ArchiveSignal.tsx	-
3	D	apps/landing/src/components/personal-archive/archiveStoryShadow.ts	-
3	D	apps/landing/src/components/personal-archive/chapterProjection.ts	-
3	D	apps/landing/src/content/repositories.ts	-
3	D	apps/landing/src/lib/magnetic.ts	-
3	D	apps/landing/src/lib/scheduleIdle.ts	-
3	D	apps/landing/src/lib/skillsFlowPath.ts	-
3	M	-	apps/landing/src/styles/app.css
3	D	apps/landing/src/styles/components/ascii-text.css	-
3	M	-	apps/landing/src/styles/components/footer.css
3	M	-	apps/landing/tests/archiveBindingContract.test.ts
3	M	-	apps/landing/tests/archiveExecution.test.ts
3	D	apps/landing/tests/archiveStoryShadow.test.ts	-
3	M	-	apps/landing/tests/build/content-layer-guards.mjs
3	M	-	apps/landing/tests/build/experience-effects-guards.mjs
3	M	-	apps/landing/tests/build/loader-preload-guards.mjs
3	M	-	apps/landing/tests/e2e/chrome-ui.spec.ts
3	M	-	apps/landing/tests/e2e/effects-context.spec.ts
3	M	-	apps/landing/tests/e2e/performance.spec.ts
3	D	apps/landing/tests/skillsFlowPath.test.ts	-
3	M	-	docs/architecture/04-file-structure.md
3	M	-	docs/maintenance/repository-structure/README.md
3	A	-	docs/maintenance/repository-structure/changed-files.tsv
3	A	-	docs/maintenance/repository-structure/legacy-modules.md
3	M	-	docs/maintenance/repository-structure/local-artifacts.md
3	M	-	docs/maintenance/repository-structure/verification.md
