oldPath	newPath	beforeSHA256	afterSHA256	verification	equal
apps/landing/src/components/Hero.tsx	apps/landing/src/chapters/hero/Hero.tsx	c150e85fd24f0c064fe7842526d26805128becd08a66cffaccce37cc1caf1f99	234fd3c0ebf05911fff3ad90171e96f59b683cad68518ca2ad4921e026821cf8	AST after resolved-path normalization	True
apps/landing/src/components/ParticlePortrait.tsx	apps/landing/src/chapters/hero/ParticlePortrait.tsx	9d680990bb343cfa390e3c65db61de33378d011a00017a78e528de10eee7bdea	1e532415d3dbf96252387c1ee465f05f18f6dd00d0485db86bf64b3dbecbe699	AST after resolved-path normalization	True
apps/landing/src/components/shaders/ParticlePortrait.vert.glsl	apps/landing/src/chapters/hero/shaders/ParticlePortrait.vert.glsl	4bba516e794fd67b7055825a2565ce1918170c73332d6a6bb8d2901079aa90ca	4bba516e794fd67b7055825a2565ce1918170c73332d6a6bb8d2901079aa90ca	byte-identical	True
apps/landing/src/components/shaders/ParticlePortrait.frag.glsl	apps/landing/src/chapters/hero/shaders/ParticlePortrait.frag.glsl	d09068c3cc5c569a7b62eae388d1e961f166fa31228fbb20429bc83fe5b32188	d09068c3cc5c569a7b62eae388d1e961f166fa31228fbb20429bc83fe5b32188	byte-identical	True
apps/landing/src/components/LifeGallery.tsx	apps/landing/src/chapters/life/LifeGallery.tsx	80d403c31948cb4da997b4d57341544f165f7c0ca97e4fbc18a8f79315fd4bfe	81bae5b3fae664775db20aba5d1000b02a8952cdd7df3d3a47fcdb38e3a5aaa6	AST after resolved-path normalization	True
apps/landing/src/components/Skills.tsx	apps/landing/src/chapters/skills/Skills.tsx	021b6cc38dd8ac1e951aac5c4c1dd9e65aed691d8282fa35599f1c50be5d1e6b	aaa8589470d417fc0cef7993bab783d3065c652fd6f4a53aeeafd41fb52e2720	AST after resolved-path normalization	True
apps/landing/src/components/Frame.tsx	apps/landing/src/chapters/frame/Frame.tsx	0b166e4ac854db58d6bfeaf1656b13d8df8d3ea5fb48d82efab9c31366fe88ee	4940c3a866e7f38971c63a2ab9435b33d923e14eeed8eb1bb83e4911ba2e0109	AST after resolved-path normalization	True
apps/landing/src/components/About.tsx	apps/landing/src/chapters/about/About.tsx	ed7dd7d9bb2af30aa2f80fab5e6a0e633e47da332dabc79f58c9f1c021faecad	98bb6d22596c389b99282af33f8cbbbe2e1efb0d66db4e61263de8cfb7d0af03	AST after resolved-path normalization	True
apps/landing/src/components/WorkTransition.tsx	apps/landing/src/chapters/work-transition/WorkTransition.tsx	8096c73e4dd5a8819f675643993d913df39076f6da743440c218bf1e6ab8c23b	f50b224a24cc78946f0c600a5069328c2a044f7e99df6d3804820b15330651c7	AST after resolved-path normalization	True
apps/landing/src/components/skills/SkillRowItem.tsx	apps/landing/src/chapters/skills/SkillRowItem.tsx	bd7fd17aef913968949c0dfa18370e372f966f20ea78c550785d988c9bc56d06	bd7fd17aef913968949c0dfa18370e372f966f20ea78c550785d988c9bc56d06	AST after resolved-path normalization	True
apps/landing/src/components/skills/useSkillsFlowLine.ts	apps/landing/src/chapters/skills/useSkillsFlowLine.ts	50bed16a097f5914936dcc7188db8ada88c18ca33d3e635ff808d6bc21d8d717	50bed16a097f5914936dcc7188db8ada88c18ca33d3e635ff808d6bc21d8d717	AST after resolved-path normalization	True
apps/landing/src/components/frame/ArchiveClusterPanel.tsx	apps/landing/src/chapters/frame/ArchiveClusterPanel.tsx	2578fe1713fbb2666b4b1421ea3620e91a4079acbde471a478fbf2b8eb8a018a	2578fe1713fbb2666b4b1421ea3620e91a4079acbde471a478fbf2b8eb8a018a	AST after resolved-path normalization	True
apps/landing/src/components/frame/ArchiveEditorialCopy.tsx	apps/landing/src/chapters/frame/ArchiveEditorialCopy.tsx	74de1e396ec38296ac32babc834d925f41a99422453d499a174954c0063a881d	74de1e396ec38296ac32babc834d925f41a99422453d499a174954c0063a881d	AST after resolved-path normalization	True
apps/landing/src/components/frame/ArchiveImageSlot.tsx	apps/landing/src/chapters/frame/ArchiveImageSlot.tsx	610b7bcee7881cc7595c89d53e13db41ed9dea6ca5086cdf54f58224bc17fdc3	192e3a6dbb304acffffb0a0c1914fc8822736b6383442ea02fe1978de7b7bd0c	AST after resolved-path normalization	True
apps/landing/src/components/frame/ArchiveMarkers.tsx	apps/landing/src/chapters/frame/ArchiveMarkers.tsx	d9f42fe410a259bdd9bec6d38f8a9973fe65bf4ac68cbb607470a56f2316a0b5	d9f42fe410a259bdd9bec6d38f8a9973fe65bf4ac68cbb607470a56f2316a0b5	AST after resolved-path normalization	True
apps/landing/src/components/frame/ArchiveRail.tsx	apps/landing/src/chapters/frame/ArchiveRail.tsx	7bb06efbcc1be40b570adc2dc995927d69f048a97213e49e2157335267d8c5a6	7bb06efbcc1be40b570adc2dc995927d69f048a97213e49e2157335267d8c5a6	AST after resolved-path normalization	True
apps/landing/src/components/frame/ArchiveTextPanel.tsx	apps/landing/src/chapters/frame/ArchiveTextPanel.tsx	348921ae29c17d383b3eb8cb1f95bcc3216dc258f33ff824e90abdac034d4d65	348921ae29c17d383b3eb8cb1f95bcc3216dc258f33ff824e90abdac034d4d65	AST after resolved-path normalization	True
apps/landing/src/components/frame/ArchiveThemeSection.tsx	apps/landing/src/chapters/frame/ArchiveThemeSection.tsx	c3d82b439a9253b530bf4ea874993650f7b12b2f74bbe5bde77d3ea0ba4eb64c	0e5c097c84c4bc8513142a6d2971f2a73126104bf0b2d6b0e63c662b15ea7573	AST after resolved-path normalization	True
apps/landing/src/components/frame/FrameParticleHandoff.tsx	apps/landing/src/chapters/frame/FrameParticleHandoff.tsx	69b835470db2a4de884a0c832f14190fef6939c8e933c5c87822d6d7bb99e9d1	2c8a18eb348aafa7857f73b746319bad5044f01c5b95ce41243103e42cd7ae96	AST after resolved-path normalization	True
apps/landing/src/components/frame/FrameTitleParticles.tsx	apps/landing/src/chapters/frame/FrameTitleParticles.tsx	87be640fc8e0d5b45249b774fa61b8e1c20881d3049c8ff6d9a17bf5fb44ae7f	9f85dcf83ea0351efe51b84bc6177fd6e5e70ea74cb1b84a4722f41b501d18f3	AST after resolved-path normalization	True
apps/landing/src/components/frame/HorizontalBendSurface.tsx	apps/landing/src/chapters/frame/HorizontalBendSurface.tsx	8d89cbcaac36ea252244e6083a4254ae15515d4b90e3d473780e74895b0a7e9c	8d89cbcaac36ea252244e6083a4254ae15515d4b90e3d473780e74895b0a7e9c	AST after resolved-path normalization	True
apps/landing/src/components/frame/frameScrollMath.ts	apps/landing/src/chapters/frame/frameScrollMath.ts	5118bebb20fb309698e6242a57c4fe95856d2f99d3bb74586ad8faf96bb80c56	5118bebb20fb309698e6242a57c4fe95856d2f99d3bb74586ad8faf96bb80c56	AST after resolved-path normalization	True
apps/landing/src/components/frame/frameTitleCapture.ts	apps/landing/src/chapters/frame/frameTitleCapture.ts	d71269d5112eed56856109ad662900ed2d00ba1c91e312a82030577bc14d1360	d71269d5112eed56856109ad662900ed2d00ba1c91e312a82030577bc14d1360	AST after resolved-path normalization	True
apps/landing/src/components/frame/useArchiveThemeScroll.ts	apps/landing/src/chapters/frame/useArchiveThemeScroll.ts	acdb0dac4fe57b45994ba533bae671465359dab0d36a989b100455c2322df824	acdb0dac4fe57b45994ba533bae671465359dab0d36a989b100455c2322df824	AST after resolved-path normalization	True
apps/landing/src/styles/components/hero.css	apps/landing/src/chapters/hero/styles/hero.css	478ceb3ca26e06758b54575b9aecb909f4312badf8786110de3f8d6b43aa2ee1	478ceb3ca26e06758b54575b9aecb909f4312badf8786110de3f8d6b43aa2ee1	byte-identical	True
apps/landing/src/styles/components/about.css	apps/landing/src/chapters/about/styles/about.css	72b6073eac536c33520c783e2192dceef919e7a386f37f2e919b179f0ffafcca	72b6073eac536c33520c783e2192dceef919e7a386f37f2e919b179f0ffafcca	byte-identical	True
apps/landing/src/styles/components/about-evidence.css	apps/landing/src/chapters/about/styles/about-evidence.css	0265b5c89484b79e45836a443755d132666ae9a6c1814ed691c5bde64e62986d	0265b5c89484b79e45836a443755d132666ae9a6c1814ed691c5bde64e62986d	byte-identical	True
apps/landing/src/styles/components/life-gallery.css	apps/landing/src/chapters/life/styles/life-gallery.css	bc0c2201a58c29b013954f63b672c90056e2b3d5111753c904b96e9e577fa631	bc0c2201a58c29b013954f63b672c90056e2b3d5111753c904b96e9e577fa631	byte-identical	True
apps/landing/src/styles/components/frame.css	apps/landing/src/chapters/frame/styles/frame.css	12ceaeff87283755f8669e73bdf75402736e8f1ee3ee0143d2f2bde55c72e280	12ceaeff87283755f8669e73bdf75402736e8f1ee3ee0143d2f2bde55c72e280	byte-identical	True
apps/landing/src/styles/components/frame/archive-theme.css	apps/landing/src/chapters/frame/styles/frame/archive-theme.css	1bba2fe0d722a6a459a10d3e47fd3f7c095d49a38643eecb8701d165b7dea48b	1bba2fe0d722a6a459a10d3e47fd3f7c095d49a38643eecb8701d165b7dea48b	byte-identical	True
apps/landing/src/styles/components/frame/archive-cluster.css	apps/landing/src/chapters/frame/styles/frame/archive-cluster.css	e1d624d895f9fd2d5c38b9f07c3d441a91c60227d256ce058dd0f55e5421a516	e1d624d895f9fd2d5c38b9f07c3d441a91c60227d256ce058dd0f55e5421a516	byte-identical	True
apps/landing/src/styles/components/frame/archive-slot.css	apps/landing/src/chapters/frame/styles/frame/archive-slot.css	2b544f68366a645027e4446272505461533f62151c4532637fcb24d866d02a53	2b544f68366a645027e4446272505461533f62151c4532637fcb24d866d02a53	byte-identical	True
apps/landing/src/styles/components/frame/archive-responsive.css	apps/landing/src/chapters/frame/styles/frame/archive-responsive.css	0c42d9469e78eec2f039654e17e36b6cea9e19b945e2357742ccb91c970eb163	0c42d9469e78eec2f039654e17e36b6cea9e19b945e2357742ccb91c970eb163	byte-identical	True
apps/landing/src/styles/components/skills.css	apps/landing/src/chapters/skills/styles/skills.css	ea95c8967a12765137a67b3be13cd96e78989ec586b9a68ba6d64372ca03d864	ea95c8967a12765137a67b3be13cd96e78989ec586b9a68ba6d64372ca03d864	byte-identical	True
apps/landing/src/styles/components/stack-editorial.css	apps/landing/src/chapters/skills/styles/stack-editorial.css	e514837cc9c7f6e56485b5a8db87a294a37c131f0f7545d09f09d3e5c5e401ff	e514837cc9c7f6e56485b5a8db87a294a37c131f0f7545d09f09d3e5c5e401ff	byte-identical	True
apps/landing/src/styles/components/work-transition.css	apps/landing/src/chapters/work-transition/styles/work-transition.css	116c17c0323725df10d9fa3794ed007616d2ef3e5850c2dee83a238fe572d431	116c17c0323725df10d9fa3794ed007616d2ef3e5850c2dee83a238fe572d431	byte-identical	True
