old_path	new_path	before_sha256	after_sha256	classification
docs/01-architecture.md	docs/architecture/01-architecture.md	e6f8c4119f8682c38412d2fbfb88a597eb724e81b8695161e8f9e5d061d0f837	e6f8c4119f8682c38412d2fbfb88a597eb724e81b8695161e8f9e5d061d0f837	pure move
docs/02-visual-system.md	docs/architecture/02-visual-system.md	87c4e3f873e89746160cc84b58149fcd76accbf7dcb7f09b0406cb1a5ee3b142	d7c2d98c73b666b4a6337be35edd36a1c24a4d7c11df24cdc0e0dddfc0757e1d	path/link rebasing
docs/03-performance-and-assets.md	docs/architecture/03-performance-and-assets.md	099b53df2c0b9f49cf25c5ae543e5f94af60496fa40959b526dc46080c5b3912	099b53df2c0b9f49cf25c5ae543e5f94af60496fa40959b526dc46080c5b3912	pure move
docs/04-file-structure.md	docs/architecture/04-file-structure.md	2b9280e067b4a60ab15bc85f96afcfa07d47f21917442589a1ea5880893e6875	f58c41dd4066c751980f1ae0a723a33729f86dd5f833a42d2af692feed20ec3f	path/link rebasing and current directory conventions
docs/05-tests-and-guards.md	docs/architecture/05-tests-and-guards.md	29fcc1bf36b032215a6871d8d12ad35de3dbfffff8a508baae36340d596388f5	29fcc1bf36b032215a6871d8d12ad35de3dbfffff8a508baae36340d596388f5	pure move
docs/pm/README.md	docs/archive/personal-archive-pm/README.md	ef971cf7233b2155eeb27686fb3335a3a05e6b61ec4a36cfc9d6a86222fb525e	ef971cf7233b2155eeb27686fb3335a3a05e6b61ec4a36cfc9d6a86222fb525e	pure move
docs/pm/baselines/2026-09-09-files.json	docs/archive/personal-archive-pm/baselines/2026-09-09-files.json	e061c81f1b4138b1c1ebcb4ec01463051e851b85ed2a73570ab6e4fc403b309d	e061c81f1b4138b1c1ebcb4ec01463051e851b85ed2a73570ab6e4fc403b309d	pure move
docs/pm/baselines/2026-09-09.md	docs/archive/personal-archive-pm/baselines/2026-09-09.md	edb05ece18a64bb9a0ed6d0867fa5c5f3ed83b62d579b82abd6499a195d2cf2e	edb05ece18a64bb9a0ed6d0867fa5c5f3ed83b62d579b82abd6499a195d2cf2e	pure move
docs/pm/board-history-2026-09-10.md	docs/archive/personal-archive-pm/board-history-2026-09-10.md	d2fe08e37550b04a8087437812df87fdb4e6f22a2f9c819e03d66e6287035c21	d2fe08e37550b04a8087437812df87fdb4e6f22a2f9c819e03d66e6287035c21	pure move
docs/pm/board.md	docs/archive/personal-archive-pm/board.md	a1507ecc7c6b66b9a79bd790b175fb82a8d3537d67da54a7b1c34083e971433b	2be7281f013a06c758829da17df251a131fcacce801d36fe422cfcd5f9d8e4d1	path/link rebasing
docs/pm/cards/NR-00-architecture.md	docs/archive/personal-archive-pm/cards/NR-00-architecture.md	c67466211b9b2928cf836bc58273e53779fee7498ccffd57bf879e8999315221	a4d90b8e7c1b4b9ec9c185a0ed5017bd773d13dcae1b18e7870eb9e71c9fa7ee	path/link rebasing
docs/pm/cards/NR-01A-semantic-sampling.md	docs/archive/personal-archive-pm/cards/NR-01A-semantic-sampling.md	56709f14aec315201de2a28420e9f697d16a0dd4fc7093699f775dc04b21a425	e6a2386c593423016a2a43b529f778fa3795f8d80a5cbea8a9f1818d5650f583	path/link rebasing
docs/pm/cards/NR-01B-R1-channel-coverage.md	docs/archive/personal-archive-pm/cards/NR-01B-R1-channel-coverage.md	5a2500374bfed97831553049b188926ef5bef94507dcb70be281fd7b3b3dda61	50866303404de6565d42de63a8abf00725581a19f67b0c2c5dffe455540e3ffb	path/link rebasing
docs/pm/cards/NR-01B-R2-build-type.md	docs/archive/personal-archive-pm/cards/NR-01B-R2-build-type.md	5602cdc32396af287aa192024105e715836ff84891c323665c6c0efc5af9a315	3413712f2cf258738d724b46f90d222a3d6c8d4d60179fb397a3b528ea8837eb	path/link rebasing
docs/pm/cards/NR-01B-binding-inspection.md	docs/archive/personal-archive-pm/cards/NR-01B-binding-inspection.md	e725d99fbc6accafaa81052f963236f89ad3db0648e1312b3fa4984b3fa98ee4	c044dfea040277bdbdbaa58ec276ef756309adbd9b445286937044b689c08883	path/link rebasing
docs/pm/cards/NR-01C-R1-diagnostic-isolation.md	docs/archive/personal-archive-pm/cards/NR-01C-R1-diagnostic-isolation.md	1f88e990115961fb3deb41ffc24e0090660cd72a65bc5a082740cc8d5cad0aae	c663f310ef17fd356e1e6e9b641698e69215fdeda71d5fae33c5f62bbc74c848	path/link rebasing
docs/pm/cards/NR-01C-shadow-observation.md	docs/archive/personal-archive-pm/cards/NR-01C-shadow-observation.md	182804b2131cc878311ff15262252efe43bb743f6e9a9480e66e6c03376acced	36798e910c4bc9c5a42c00ba50669cf1d2a2bd3ee15c5d5595bff6a8630c0574	path/link rebasing
docs/pm/cards/NR-02A-animation-execution.md	docs/archive/personal-archive-pm/cards/NR-02A-animation-execution.md	f97a300224746c0725bb7679f17701923b4b93fd4d72cf0b6b3e2037ce0271af	99504964ecffab7180cf0abef3e5be52d9c056921b189e1421733fde1c190e20	path/link rebasing
docs/pm/cards/NR-02B-R1-transient-recovery.md	docs/archive/personal-archive-pm/cards/NR-02B-R1-transient-recovery.md	44d530c367c8457bc2c94569c236a6cc755d368a2151e2b91b261dd3048d53b6	74b937eb619e256c6182362d2f8b4aa62c6caa83372fcdd347da5a0b63aefae2	path/link rebasing
docs/pm/cards/NR-02B-sample-takeover.md	docs/archive/personal-archive-pm/cards/NR-02B-sample-takeover.md	718a724fc7aaf9eacae0c89e16a17eb474f3d980446afe1c1dd09f2db752f7ea	b96b67e0fefe99215275234e1afd915971c2a0100111025f24829c6bbf8ca89b	path/link rebasing
docs/pm/cards/NR-02P-execution-boundary.md	docs/archive/personal-archive-pm/cards/NR-02P-execution-boundary.md	11f125d0231cdb700d2559a5d81d1b93ed65d993b8b87c620b2337d4e32227c2	5e2b39a8fc1d780c2f59a3032cbfe550a5cc8e571b5b2ce16c47a63970356c1b	path/link rebasing
docs/pm/cards/NR-03-photo-return.md	docs/archive/personal-archive-pm/cards/NR-03-photo-return.md	a3e46e9b89f635caf2e6aded0c7dbb9629ed5b95b2de3d756deceee5ac9ff269	6d8d3dbce24c1de1f82018e6fc6fb0b0fd0903ee2adfc61dab100956feec0c06	path/link rebasing
docs/pm/cards/NR-04-global-rollout.md	docs/archive/personal-archive-pm/cards/NR-04-global-rollout.md	8a03c73e8a087452f091f01c9211f98174e9aa49b533a4584b31894b0ad3d3f6	d2f8654d81244b196db77d24723e6ae59dcb9f5c1ec129ffac09eedabc14ace8	path/link rebasing
docs/pm/cards/NR-05-R1-room-entry-hit-testing.md	docs/archive/personal-archive-pm/cards/NR-05-R1-room-entry-hit-testing.md	5359d7b3c71cbb929ad71b11ac48071c22c4c09c2ea5cebf5ecd64bf3e84bad4	d57085c74f0ff066844b478041b13012a238ff2f9ee755e2f91b3e0afb6c8e0f	path/link rebasing
docs/pm/cards/NR-05-R2-click-navigation-diagnosis.md	docs/archive/personal-archive-pm/cards/NR-05-R2-click-navigation-diagnosis.md	ce0e124ab0b5a6872ad1be04ecce9bc88c0fd964354ce9f65e4d2bfa601bf4c1	9db0f34d087100f1d04f395eb1b87d09b97fc90c7fb3eb51d86132712d74bfff	path/link rebasing
docs/pm/cards/NR-05-R3-seek-layout-commit.md	docs/archive/personal-archive-pm/cards/NR-05-R3-seek-layout-commit.md	358d07a8d75c687617e972178d9f5acc511bd34f8b35201b6677396267de2bfa	d9c1b067dfc319286d74fc735fff3f7627ccce66cee4bf5bb26b89a25f61e3e5	path/link rebasing
docs/pm/cards/NR-05-R4-contact-media-ownership.md	docs/archive/personal-archive-pm/cards/NR-05-R4-contact-media-ownership.md	cb4c898f99033ed6586173c0ac024719232dbb39486c41e2d98102349fc7fa92	87a88a56c3969c4daff55bb31253798cb775bd1b34817af32476a1ea0f1558ed	path/link rebasing
docs/pm/cards/NR-05-work-contact-rollout.md	docs/archive/personal-archive-pm/cards/NR-05-work-contact-rollout.md	96a6034543d803afb1fc47bb64525bb20616200d31b8135219d63ef516eb4a97	ba05c724e03684953f0523cff5390e2e589eafd6ac83bf9e3e0d6e4508e244be	path/link rebasing
docs/pm/cards/NR-05P-rollout-map.md	docs/archive/personal-archive-pm/cards/NR-05P-rollout-map.md	8b683365cead2b0281ada5569755bf26deadcde7d9a98bd0541b67b9243b14dc	53b49b37f10cf0d1be1c640ed8ebf2eb1275c7c10897c300bbc7dbf9002eab41	path/link rebasing
docs/pm/cards/NR-Q01-promotion-acceptance.md	docs/archive/personal-archive-pm/cards/NR-Q01-promotion-acceptance.md	820be539683156265166bfa635dc90e866c079e839c53515da71c80ca14d4204	0f9f607ce7f198a0aae009a5503106c0b0cb8c7e6548f8cd5c70d662f657be2d	path/link rebasing
docs/pm/cards/NR-Q02-R1-recheck.md	docs/archive/personal-archive-pm/cards/NR-Q02-R1-recheck.md	858e4f71c575f33e08503e84e8785e46c0dd1464971ed1d22b3c6a2ec9fee844	5272316a845342bbceb2cb7643895d8d7a621513d28909e3043b471e5e377f67	path/link rebasing
docs/pm/cards/NR-Q02-sample-verification.md	docs/archive/personal-archive-pm/cards/NR-Q02-sample-verification.md	5163247838c2c95b09ee9804b1e41a833c73053b7f7a654b17eef0eac9b5b475	a8a9d8c641bb01aff390d4f4ab8185fb31ddc119c2551b729cfb9034af4ce897	path/link rebasing
docs/pm/cards/NR-Q03-photo-return-verification.md	docs/archive/personal-archive-pm/cards/NR-Q03-photo-return-verification.md	86eb8ffad46e1dda7fef7f75ba26403d559fe5c3ce792686df4b8bfd3e04771b	1a1679e52b55fcb677c461b86acfd4003a442c30e6d32b5a03eff2c107b5508e	path/link rebasing
docs/pm/cards/NR-Q04-R1-binding-evidence.md	docs/archive/personal-archive-pm/cards/NR-Q04-R1-binding-evidence.md	e711dd3f7784ef221479d06dc0d575e566edd9e0bc445115c8d43429edc796d1	e7c57c5d9bf3a2c344c82b72173c51c2083b8898832b3d5789b725d27bf6f642	path/link rebasing
docs/pm/cards/NR-Q04-global-verification.md	docs/archive/personal-archive-pm/cards/NR-Q04-global-verification.md	41d97ae7f1044ed68d96e3176b5abdf5c41e24191f9b7bed09231c7ee4337aa3	68b2c5daac3a42b4f002bcd0216852dea2e1eb4b68a27957d36f5802802e109d	path/link rebasing
docs/pm/cards/NR-Q05-R1-real-user-journey.md	docs/archive/personal-archive-pm/cards/NR-Q05-R1-real-user-journey.md	09b89e4ce92f9a5f21e0b259f46d50bd93cb6dcdf8805f5ef68eea25b8105257	129869279a36df9a9f8a171aff6667ba8b4f575ff90f2516fac18eb7114a3c5b	path/link rebasing
docs/pm/cards/NR-Q05-R2-room-entry-journey-recheck.md	docs/archive/personal-archive-pm/cards/NR-Q05-R2-room-entry-journey-recheck.md	31ff2d81218629af5354579e1ca5ab70f6d79394ab476980ab6185d9751bacb1	1383f35d8042133f7f2671f34b45ceeba95c378632eb077d0a1b37fe2910cd28	path/link rebasing
docs/pm/cards/NR-Q05-R3-navigation-closure.md	docs/archive/personal-archive-pm/cards/NR-Q05-R3-navigation-closure.md	51cf4ec87d22cf9f5e0a380098c0495dcde96c30ca877d1aeb24500cdcc53a51	fe0ab5b1d844333d4f7865ce84cd9f94b9562be62c4e2b7452a76ba0175503b4	path/link rebasing
docs/pm/cards/NR-Q05-R4-contact-lifecycle-recheck.md	docs/archive/personal-archive-pm/cards/NR-Q05-R4-contact-lifecycle-recheck.md	7da7d3da69b93ac4ce0ece94ccb84605021cd0ce83f5738236fb75f174a0bfd8	f2a53039e3a7376078bf767e4c2d3bd834bb836a270e1cec1aacab88834574cd	path/link rebasing
docs/pm/cards/NR-Q05-full-rollout-verification.md	docs/archive/personal-archive-pm/cards/NR-Q05-full-rollout-verification.md	208024a317823373f9a44e1447bf323f1216067f19099f9b519c9a1317511456	91f8c60042918767a7ba40c967e88119983f31f0abc21e7cd1fe2ff8cf403593	path/link rebasing
docs/pm/cards/PA-001-baseline.md	docs/archive/personal-archive-pm/cards/PA-001-baseline.md	fd9fc95df37c15233b176058885591ebde1e15c336fc72a6ba895e04bccfea0f	fe6b898fddc74daa54fd3b698004a7c59dbc7a19b389b0cb90ed984cec8f5a54	path/link rebasing
docs/pm/cards/VR-01-spatial-reading-refinement.md	docs/archive/personal-archive-pm/cards/VR-01-spatial-reading-refinement.md	5b4025f16742536682bdb29f1ba0d2fa28641255ceb835532d4ddd0defd3252f	25ddbaed3e41bf71f88be37347636b61cd64952690561e9d716e27339e14912c	path/link rebasing
docs/pm/cards/VR-02-html-canvas-production.md	docs/archive/personal-archive-pm/cards/VR-02-html-canvas-production.md	e044847ea5b9203e81d4f6c98ba15a87964f38ec44f22ce23f4fdce8485e1967	c19feaa5e97321538411bf784cfdfcb91160cdde99d6b4b7eb453df56d8f4295	path/link rebasing
docs/pm/cards/VR-02A-origin-config.md	docs/archive/personal-archive-pm/cards/VR-02A-origin-config.md	44fd3360ae1307f29485dd565f25c7ae514585dc2c2932f3606ac3f6d598e711	7dc1f5a4137990d9f55d92f1673ea23da933bf932409258c36e7e0b2a1d078db	path/link rebasing
docs/pm/cards/VR-02B-about-capture.md	docs/archive/personal-archive-pm/cards/VR-02B-about-capture.md	b869fc1a0ae3e509149f4c5157128626b8c2708b4fc4f0d21a7c65482a5410cd	126275b486cf61d85965711b1d69daeb0e919715db57c884b61144cf41b949a1	path/link rebasing
docs/pm/cards/VR-02P-html-canvas-production-audit.md	docs/archive/personal-archive-pm/cards/VR-02P-html-canvas-production-audit.md	20e2985dc7db23177dbc106d3b78f87a2ee4fddd04592c1c186d9bb32bffa7dc	85911d95ec593272e2680cf8e34c2da845c453b4ebf66190c7fa3ca5cc6ee8b2	path/link rebasing
docs/pm/cards/VR-03-R1-frame-capture.md	docs/archive/personal-archive-pm/cards/VR-03-R1-frame-capture.md	d7d9fdff0cc4e7314682f63e3d39fcb826b07a8def72ef78e9e9decc1430a6b4	029023a37f86be61ec3b7bd8c4f7b5a4447a72a902db23c573da092a6971fb4c	path/link rebasing
docs/pm/cards/VR-03-R2-laser-eligibility.md	docs/archive/personal-archive-pm/cards/VR-03-R2-laser-eligibility.md	24e67e9492f500b1e20b9a2de0564f43029747293fc5364cf11d025853c02e3f	24e67e9492f500b1e20b9a2de0564f43029747293fc5364cf11d025853c02e3f	pure move
docs/pm/cards/VR-03-local-effects.md	docs/archive/personal-archive-pm/cards/VR-03-local-effects.md	107bd5835c6cdb746ef68146a2ae0ae8e1ec2d2b44125a27cfdb775d610ec8e5	8ed8a9a50f42450528aa6c6bbcb215e3551427be78de56467c7c7cfdcf6ba8dc	path/link rebasing
docs/pm/cards/VR-Q01-technical-review.md	docs/archive/personal-archive-pm/cards/VR-Q01-technical-review.md	01200093737c080120d0cdb69d300b0d8bad0cbbb208f5dff59af589025ee36e	d017fa92754834d28d5c459be8ac9e49917f13362d77c2492a726c69ad747e5f	path/link rebasing
docs/pm/inputs/narrative-runtime-proposal.md	docs/archive/personal-archive-pm/inputs/narrative-runtime-proposal.md	fbc54958858b759ac220101b9f1ad8eb3918dfe39ecb646a2694d8c620db3c44	fbc54958858b759ac220101b9f1ad8eb3918dfe39ecb646a2694d8c620db3c44	pure move
docs/pm/narrative-runtime-plan.md	docs/archive/personal-archive-pm/narrative-runtime-plan.md	5f0e76845201e7d067e3e71b31cb646a47f8d866b3573d1f150de9d3d8dc76ef	5f0e76845201e7d067e3e71b31cb646a47f8d866b3573d1f150de9d3d8dc76ef	pure move
docs/pm/product-brief.md	docs/archive/personal-archive-pm/product-brief.md	dd5d55a0a94c262624c123990d82c06264e9b12c1c4641918d8980849b2ab549	e598c940172182dd1c2a78dc6a4c91df71c8ba5f1eb40afef2c3eb7eab1dd8f4	path/link rebasing
docs/pm/reports/NR-00-architecture.md	docs/archive/personal-archive-pm/reports/NR-00-architecture.md	4be0a35b723bad8b1ee61d8c223d904170794e21b2907036a2f62d71f1709368	4be0a35b723bad8b1ee61d8c223d904170794e21b2907036a2f62d71f1709368	pure move
docs/pm/reports/NR-00-contract-v2.md	docs/archive/personal-archive-pm/reports/NR-00-contract-v2.md	a97a2299713264a9dc0ddfb0f0d1e5d0baf6885297723c0cfe3441b44b396b06	a97a2299713264a9dc0ddfb0f0d1e5d0baf6885297723c0cfe3441b44b396b06	pure move
docs/pm/reports/NR-00-contract.md	docs/archive/personal-archive-pm/reports/NR-00-contract.md	7a9c57e53f3aed3362ec5610d2ddb72dee216b42a91ad473d24dec0464041597	078587a9d0e3600e71dce56b864973720b021ed96f8bc49a02bf75543c213adf	path/link rebasing
docs/pm/reports/NR-00-pm-acceptance.md	docs/archive/personal-archive-pm/reports/NR-00-pm-acceptance.md	7b78828f2900c0022fca82e816feef8ce72be9b310a288d8f1d07d22976cb365	7b78828f2900c0022fca82e816feef8ce72be9b310a288d8f1d07d22976cb365	pure move
docs/pm/reports/NR-00-pm-review.md	docs/archive/personal-archive-pm/reports/NR-00-pm-review.md	8d587d1c79b1fd8b55b7b9d70b9a82d67d3aae1fab67427247d756ccadeeb43d	8d587d1c79b1fd8b55b7b9d70b9a82d67d3aae1fab67427247d756ccadeeb43d	pure move
docs/pm/reports/NR-00-revision.md	docs/archive/personal-archive-pm/reports/NR-00-revision.md	b512da209fa54810ca2fef6219dcfe597ac1c0f525cca0dfb27b4cc479411162	72ece72531d5590f835d49dfd717b668b1a43419dc91e9187ca9cfbd001f0833	path/link rebasing
docs/pm/reports/NR-01A-delivery.md	docs/archive/personal-archive-pm/reports/NR-01A-delivery.md	620db10996aa7847f38f6374c7b2e75599c5cff58407b689463939921f8aff04	620db10996aa7847f38f6374c7b2e75599c5cff58407b689463939921f8aff04	pure move
docs/pm/reports/NR-01A-pm-review.md	docs/archive/personal-archive-pm/reports/NR-01A-pm-review.md	cb631964aef65e39dacb1c898c12ad3e71626072057dc1a2c4a3e465bb732c39	cb631964aef65e39dacb1c898c12ad3e71626072057dc1a2c4a3e465bb732c39	pure move
docs/pm/reports/NR-01B-R1-delivery.md	docs/archive/personal-archive-pm/reports/NR-01B-R1-delivery.md	b23a5cb1fd088da458406d266d4a4b19e62683192664c33d7de3aba31fe6f019	b23a5cb1fd088da458406d266d4a4b19e62683192664c33d7de3aba31fe6f019	pure move
docs/pm/reports/NR-01B-R2-delivery.md	docs/archive/personal-archive-pm/reports/NR-01B-R2-delivery.md	81bb07531c7f3e807ba72adc6ed8fbe8a929b121621f889a30ef064b69ac92c3	81bb07531c7f3e807ba72adc6ed8fbe8a929b121621f889a30ef064b69ac92c3	pure move
docs/pm/reports/NR-01B-R2-pm-review.md	docs/archive/personal-archive-pm/reports/NR-01B-R2-pm-review.md	c4876a9a1b64c3b946c5dd27bf1522430936aba8133ad6af1d83cfeede457462	c4876a9a1b64c3b946c5dd27bf1522430936aba8133ad6af1d83cfeede457462	pure move
docs/pm/reports/NR-01B-delivery.md	docs/archive/personal-archive-pm/reports/NR-01B-delivery.md	ac30ad27bc0b3074ea3402bcb0204328a1e5c8151d515f4b1a9f5b2684c78241	ac30ad27bc0b3074ea3402bcb0204328a1e5c8151d515f4b1a9f5b2684c78241	pure move
docs/pm/reports/NR-01B-pm-acceptance.md	docs/archive/personal-archive-pm/reports/NR-01B-pm-acceptance.md	104580be0d45cbbd3744dbbc0d4234445362fc6ec881a0cff751e9f41f212a1d	104580be0d45cbbd3744dbbc0d4234445362fc6ec881a0cff751e9f41f212a1d	pure move
docs/pm/reports/NR-01B-pm-review.md	docs/archive/personal-archive-pm/reports/NR-01B-pm-review.md	2b9646f5d1d94e7abac0768dd35ccd79ee8a27249071e923fde0784146671542	2b9646f5d1d94e7abac0768dd35ccd79ee8a27249071e923fde0784146671542	pure move
docs/pm/reports/NR-01C-R1-delivery.md	docs/archive/personal-archive-pm/reports/NR-01C-R1-delivery.md	f6c908f6dc020f2e9d276db20ba8b7f668eb9a193469bab9f2271a49cc30b6a6	f6c908f6dc020f2e9d276db20ba8b7f668eb9a193469bab9f2271a49cc30b6a6	pure move
docs/pm/reports/NR-01C-delivery.md	docs/archive/personal-archive-pm/reports/NR-01C-delivery.md	de9b09a79f92b7e41c9cda9f69b8d07b31a3d14083e72163e5b3abb329e59eec	55c27753f818e4af0620684183d60358e522fe077be4d753ccb3882361c5a09d	path/link rebasing
docs/pm/reports/NR-01C-pm-acceptance.md	docs/archive/personal-archive-pm/reports/NR-01C-pm-acceptance.md	908b32c250949adc53a0152a574ad678ea7b3a669d654b11e4cd508fa1b553d9	908b32c250949adc53a0152a574ad678ea7b3a669d654b11e4cd508fa1b553d9	pure move
docs/pm/reports/NR-01C-pm-review.md	docs/archive/personal-archive-pm/reports/NR-01C-pm-review.md	9138af13ead7304a07a547dc1133ff5284ef2ac9fc8cf0d2c3b4703b1eb0b82d	9138af13ead7304a07a547dc1133ff5284ef2ac9fc8cf0d2c3b4703b1eb0b82d	pure move
docs/pm/reports/NR-02A-delivery.md	docs/archive/personal-archive-pm/reports/NR-02A-delivery.md	e4afd4ef4d98373a65a3011fe55cda6e0c70b0c8ae5f01e6c52b586ceebed8ee	e4afd4ef4d98373a65a3011fe55cda6e0c70b0c8ae5f01e6c52b586ceebed8ee	pure move
docs/pm/reports/NR-02A-pm-acceptance.md	docs/archive/personal-archive-pm/reports/NR-02A-pm-acceptance.md	2b9b38bfac380190887361abef98ac4ab6fa228f393a66dcf98f283e3273ffb6	2b9b38bfac380190887361abef98ac4ab6fa228f393a66dcf98f283e3273ffb6	pure move
docs/pm/reports/NR-02B-R1-delivery.md	docs/archive/personal-archive-pm/reports/NR-02B-R1-delivery.md	df6fa946cf3b9a008568f5bdc9f3c1bfb905804adbb1d79db7a17a8755263946	df6fa946cf3b9a008568f5bdc9f3c1bfb905804adbb1d79db7a17a8755263946	pure move
docs/pm/reports/NR-02B-delivery.md	docs/archive/personal-archive-pm/reports/NR-02B-delivery.md	cd2383811aa0821deb14e10c406ed71e2763e02bc04c2e7b010c9a57a9c8ba3b	2aed962bcf7580bd34447d3b9daa1646a4736bed2284339d826c92da6e82c19e	path/link rebasing
docs/pm/reports/NR-02B-pm-acceptance.md	docs/archive/personal-archive-pm/reports/NR-02B-pm-acceptance.md	27656be5202178c117ec232495a2bed442c06ce563c9394ac08d6e6d2a4633ad	27656be5202178c117ec232495a2bed442c06ce563c9394ac08d6e6d2a4633ad	pure move
docs/pm/reports/NR-02B-pm-review.md	docs/archive/personal-archive-pm/reports/NR-02B-pm-review.md	7d9fa8ab56a47fef191ef780a25951055bae18e4ffc4cb92ffa6ad6548a6346e	7d9fa8ab56a47fef191ef780a25951055bae18e4ffc4cb92ffa6ad6548a6346e	pure move
docs/pm/reports/NR-02P-delivery.md	docs/archive/personal-archive-pm/reports/NR-02P-delivery.md	0423f6109e65e45c4dc0a1d027d94197acae76378c42ab9b650f3d2d82927a7b	0423f6109e65e45c4dc0a1d027d94197acae76378c42ab9b650f3d2d82927a7b	pure move
docs/pm/reports/NR-02P-execution-boundary.md	docs/archive/personal-archive-pm/reports/NR-02P-execution-boundary.md	d09ea6dddf371435b61f1b60ec607a1f0aa2fcf579f96807b4d94d04eadcd0dc	d09ea6dddf371435b61f1b60ec607a1f0aa2fcf579f96807b4d94d04eadcd0dc	pure move
docs/pm/reports/NR-02P-pm-review.md	docs/archive/personal-archive-pm/reports/NR-02P-pm-review.md	e8d608bb91e5415648aa094af57528b0e7b8fe44db38f405d8e6d438ea269c75	e8d608bb91e5415648aa094af57528b0e7b8fe44db38f405d8e6d438ea269c75	pure move
docs/pm/reports/NR-03-delivery.md	docs/archive/personal-archive-pm/reports/NR-03-delivery.md	d09692ff07c89db8a619dac57cc77abb70c05f138c67e8d85214fe248eb5fba5	d09692ff07c89db8a619dac57cc77abb70c05f138c67e8d85214fe248eb5fba5	pure move
docs/pm/reports/NR-03-pm-acceptance.md	docs/archive/personal-archive-pm/reports/NR-03-pm-acceptance.md	960eba16f1c8125f9eb040eaa4c9284c448ba0c5179d794291f42a617dd11b0e	960eba16f1c8125f9eb040eaa4c9284c448ba0c5179d794291f42a617dd11b0e	pure move
docs/pm/reports/NR-03-pm-observations.md	docs/archive/personal-archive-pm/reports/NR-03-pm-observations.md	36be59f214af373f38a8f99e39e9c872c4175cb62b06edd3f7e63efe8a2852fa	36be59f214af373f38a8f99e39e9c872c4175cb62b06edd3f7e63efe8a2852fa	pure move
docs/pm/reports/NR-04-delivery.md	docs/archive/personal-archive-pm/reports/NR-04-delivery.md	e688da30dc25d3923b5ff4349287752204515cb03fe90fb1c17e7735827199fd	b97be74d0c2ff1265878aaa4ccc009e2b7045462788f71350cf52985e6267b49	path/link rebasing
docs/pm/reports/NR-04-pm-acceptance.md	docs/archive/personal-archive-pm/reports/NR-04-pm-acceptance.md	262bed696288f3cd2f5a74ad94180f587b63ecd909fb1f53c4f73f37d4709f47	262bed696288f3cd2f5a74ad94180f587b63ecd909fb1f53c4f73f37d4709f47	pure move
docs/pm/reports/NR-05-R1-delivery.md	docs/archive/personal-archive-pm/reports/NR-05-R1-delivery.md	fd7be6d9158f3ae0f3c6afe870925519a210cb67f09bbde5823df0cb5f911c92	fd7be6d9158f3ae0f3c6afe870925519a210cb67f09bbde5823df0cb5f911c92	pure move
docs/pm/reports/NR-05-R2-click-navigation-diagnosis.md	docs/archive/personal-archive-pm/reports/NR-05-R2-click-navigation-diagnosis.md	d1984225aadb839325d672d2f3b9d46480ef89e0ecf814d0fe029040de43a234	d1984225aadb839325d672d2f3b9d46480ef89e0ecf814d0fe029040de43a234	pure move
docs/pm/reports/NR-05-R3-delivery.md	docs/archive/personal-archive-pm/reports/NR-05-R3-delivery.md	0c5678d9bf49054e18f680b5e4e67d476e366d1d4f26ca45cee326129d17ea4c	0c5678d9bf49054e18f680b5e4e67d476e366d1d4f26ca45cee326129d17ea4c	pure move
docs/pm/reports/NR-05-R4-delivery.md	docs/archive/personal-archive-pm/reports/NR-05-R4-delivery.md	21f3ca537318c403a06d05f1c0a26c564d08d95143300c1e827b5aeb05c81d0b	21f3ca537318c403a06d05f1c0a26c564d08d95143300c1e827b5aeb05c81d0b	pure move
docs/pm/reports/NR-05-delivery.md	docs/archive/personal-archive-pm/reports/NR-05-delivery.md	bf14dc231ea2bcd3f19e6cf80ba61c9f74f315f8107a5547d9a8e91160af0fa3	bf14dc231ea2bcd3f19e6cf80ba61c9f74f315f8107a5547d9a8e91160af0fa3	pure move
docs/pm/reports/NR-05-pm-acceptance.md	docs/archive/personal-archive-pm/reports/NR-05-pm-acceptance.md	747cea633f5ad0e7b4f77bd7246e7a2e4398e6dfc853977a7a328fffb641b923	747cea633f5ad0e7b4f77bd7246e7a2e4398e6dfc853977a7a328fffb641b923	pure move
docs/pm/reports/NR-05P-pm-review.md	docs/archive/personal-archive-pm/reports/NR-05P-pm-review.md	d3f5a68952e046e79cceb2e7d8b58febdd09882984dceacee925f5c34837e7e5	d3f5a68952e046e79cceb2e7d8b58febdd09882984dceacee925f5c34837e7e5	pure move
docs/pm/reports/NR-05P-rollout-map.md	docs/archive/personal-archive-pm/reports/NR-05P-rollout-map.md	1d75170b2d9dd1f286fb8d84b4efb09671074e9b132983519ec725fa128af2d2	1d75170b2d9dd1f286fb8d84b4efb09671074e9b132983519ec725fa128af2d2	pure move
docs/pm/reports/NR-Q01-promotion-acceptance.md	docs/archive/personal-archive-pm/reports/NR-Q01-promotion-acceptance.md	ee60f2f5892ffb1343f09db107d5c6d9a57abcdd09961fb0d9410d375ce857a2	ee60f2f5892ffb1343f09db107d5c6d9a57abcdd09961fb0d9410d375ce857a2	pure move
docs/pm/reports/NR-Q02-R1-recheck.md	docs/archive/personal-archive-pm/reports/NR-Q02-R1-recheck.md	89f4b2266b5ae7c55b95107e03422b65cef5dcb7f458f101b1aaa1210af1c6c1	89bc0aca819bac46259483e7a3d2a28314769de10bc51e0bf207c8dbd03ac04b	path/link rebasing
docs/pm/reports/NR-Q02-sample-verification.md	docs/archive/personal-archive-pm/reports/NR-Q02-sample-verification.md	b3d3fa8a3bd17d483eacbfe7e045c917307fa2fe03619162deebf767f71428bf	685908e9702d2e87dd82286dbae7b7b109266f4cdf940c0bc0a07be9c80ddfe2	path/link rebasing
docs/pm/reports/NR-Q03-photo-return-verification.md	docs/archive/personal-archive-pm/reports/NR-Q03-photo-return-verification.md	9748aefdcd468e79d525cb64fcb9888e4e3c53423fbfbfc89dfa32ee79001a02	57704479ef71215bf12b32e1eeed76356e20e4d41fc7594e6d124c5fe8243736	path/link rebasing
docs/pm/reports/NR-Q04-R1-binding-evidence.md	docs/archive/personal-archive-pm/reports/NR-Q04-R1-binding-evidence.md	0cb64baec1dfc918f813eff0e464e5070aea14c42c1f713f44eddd053ef47cba	85c2118cebbcff08ea59db769e2d1eedd336e8c288c1c8e527589a0cc41521f3	path/link rebasing
docs/pm/reports/NR-Q04-global-verification.md	docs/archive/personal-archive-pm/reports/NR-Q04-global-verification.md	2f36c82fbca0a02749576c376619015a83f7bb1c508cce38c76e39626ea3039f	2403ff04dc7464a9f6ee8004f60f9d73d3fd05af8eea6f6168f4e3915b1fe54a	path/link rebasing
docs/pm/reports/NR-Q05-R1-real-user-journey.md	docs/archive/personal-archive-pm/reports/NR-Q05-R1-real-user-journey.md	5fcd53ed90e6e3ad4d7d3eb7bf7f5c6bab2967b2c960cc674fd844a141d0ecad	8e801763dca66ac7bd59b6fd5ab539adde9a3058b03a9983a8192b58458d32d7	path/link rebasing
docs/pm/reports/NR-Q05-R2-click-trace.md	docs/archive/personal-archive-pm/reports/NR-Q05-R2-click-trace.md	2036fb2fc91ee64c10bfdc7f5e893d73ef7d110228b1c45f80226cf08e1911e0	2036fb2fc91ee64c10bfdc7f5e893d73ef7d110228b1c45f80226cf08e1911e0	pure move
docs/pm/reports/NR-Q05-R2-room-entry-journey-recheck.md	docs/archive/personal-archive-pm/reports/NR-Q05-R2-room-entry-journey-recheck.md	63b47132bae52867e5ee172cb1f04f617fb02bf2dbf1be5fa8fa597dc0f722a8	3c50de1817cfdfbd91a2e892835e359dfab61fe63a1466dfa906354aed1e981e	path/link rebasing
docs/pm/reports/NR-Q05-R3-navigation-closure.md	docs/archive/personal-archive-pm/reports/NR-Q05-R3-navigation-closure.md	45d2302109d6ce988cd488657f2dd8eb21530eb7748f6c87e5ab3c2b94a75d7a	45d2302109d6ce988cd488657f2dd8eb21530eb7748f6c87e5ab3c2b94a75d7a	pure move
docs/pm/reports/NR-Q05-R4-contact-lifecycle-recheck.md	docs/archive/personal-archive-pm/reports/NR-Q05-R4-contact-lifecycle-recheck.md	6966faf348ea678b9479cb0064abb65a9b582db5822034a81bc81ce5a5cfbddb	6966faf348ea678b9479cb0064abb65a9b582db5822034a81bc81ce5a5cfbddb	pure move
docs/pm/reports/NR-Q05-full-rollout-verification.md	docs/archive/personal-archive-pm/reports/NR-Q05-full-rollout-verification.md	bc190ac9503a260cd6369fbc7dda379cf30f653818d5c4e27745556b3ad3b709	805af8ffe5f21d4ca676dda88ca6444fe5157e9953df3e751477f40b9fb299fd	path/link rebasing
docs/pm/reports/VR-01-delivery.md	docs/archive/personal-archive-pm/reports/VR-01-delivery.md	73488a5a47c08488accf5cff87b59eb08fab1c74d930656b5a996cf5d3aeb305	73488a5a47c08488accf5cff87b59eb08fab1c74d930656b5a996cf5d3aeb305	pure move
docs/pm/reports/VR-01-pm-mid-review.md	docs/archive/personal-archive-pm/reports/VR-01-pm-mid-review.md	1b06dad40c6dc62aa300142de8852e3af092a3b24cffffb739e1ccab919b2437	1b06dad40c6dc62aa300142de8852e3af092a3b24cffffb739e1ccab919b2437	pure move
docs/pm/reports/VR-02A-delivery.md	docs/archive/personal-archive-pm/reports/VR-02A-delivery.md	b6172b565a94b5e04472e9119193438bb7a6d0838add2111c760848ecd556b37	ac847fd2ae6c7a1e65bf47eefe59458c7285e4e458e51cfafa30fb451adc6254	path/link rebasing
docs/pm/reports/VR-02B-delivery.md	docs/archive/personal-archive-pm/reports/VR-02B-delivery.md	e499e0e8e6c651d6ac7e60a2813e211494a464fae1a3f2c7550cd53d2b84db01	5444b82b4040f8162d0bb18d8fd3f96013cae03f7b6af0744deb3cf594fedd44	path/link rebasing
docs/pm/reports/VR-02B-vendor-provenance.md	docs/archive/personal-archive-pm/reports/VR-02B-vendor-provenance.md	6498e680b5894efbf229ec44c98d1cc7f588fd1999b2ccba6fe559c047dbc671	6498e680b5894efbf229ec44c98d1cc7f588fd1999b2ccba6fe559c047dbc671	pure move
docs/pm/reports/VR-02P-html-canvas-audit.md	docs/archive/personal-archive-pm/reports/VR-02P-html-canvas-audit.md	1698a77c71306c7820ab668ffcb7e416824fdcbfccc3216730485c5acc921386	cd568e8daa4cafa20e3a89b2b7fddbb1a09736e22bdd43d0efd345fb6f6c993d	path/link rebasing
docs/pm/reports/VR-02P-local-effects-map.md	docs/archive/personal-archive-pm/reports/VR-02P-local-effects-map.md	bdf340fe3413bd929449871f487f74d39d3c2ba7fdec01d5f4e43c3abc355f90	bdf340fe3413bd929449871f487f74d39d3c2ba7fdec01d5f4e43c3abc355f90	pure move
docs/pm/reports/VR-03-R1-delivery.md	docs/archive/personal-archive-pm/reports/VR-03-R1-delivery.md	1c971105dae73cc5da5ef8ef4a19516b2eb6ae384e6e1e69b6752cca2fcb75e9	471fbaffd70d3743afe676d1c520496e95e4034e638ce3c4e1645bca2a06dfc9	path/link rebasing
docs/pm/reports/VR-03-R2-delivery.md	docs/archive/personal-archive-pm/reports/VR-03-R2-delivery.md	ed47d955041d0fe6342a47f957f11390f2b83776d63663ec1833510b1e09e4d6	ed47d955041d0fe6342a47f957f11390f2b83776d63663ec1833510b1e09e4d6	pure move
docs/pm/reports/VR-03-delivery.md	docs/archive/personal-archive-pm/reports/VR-03-delivery.md	045abac762a1e37ec0648c14a3c1ae81fa79a82e00702f5b5380c4ba6e0e0be4	76d785c161b44f0398278d34157588de6b55b8cb2572d4321491e17f002d8a27	path/link rebasing
docs/pm/reports/VR-03-glass-vendor-provenance.md	docs/archive/personal-archive-pm/reports/VR-03-glass-vendor-provenance.md	4ead94d8df53db1a1977252d54bb1b03221f6e97ee64bd7a9f76738991f69900	4ead94d8df53db1a1977252d54bb1b03221f6e97ee64bd7a9f76738991f69900	pure move
docs/pm/reports/VR-03-pm-mid-review.md	docs/archive/personal-archive-pm/reports/VR-03-pm-mid-review.md	6f28979ccc02661cf7d7d6d9a87b3369b49dc3b0bd9fbbd7c08b946cb682bcaa	6f28979ccc02661cf7d7d6d9a87b3369b49dc3b0bd9fbbd7c08b946cb682bcaa	pure move
docs/pm/reports/VR-03-work-capture-audit.md	docs/archive/personal-archive-pm/reports/VR-03-work-capture-audit.md	fbda5296b5e1221dfa7c28a826b98353f96a45dfa68d46586c8699cee02cfb82	fbda5296b5e1221dfa7c28a826b98353f96a45dfa68d46586c8699cee02cfb82	pure move
docs/pm/reports/VR-Q01-R1-final-review.md	docs/archive/personal-archive-pm/reports/VR-Q01-R1-final-review.md	c80e2538683527582d1e7419da964ed92087b82abca9ab635529dba89f985917	c5a05f2a26a38b2a2e8a31630b7dec66aba9b0824734cd4c4294b8e62fe17e53	path/link rebasing
docs/pm/reports/VR-Q01-R2-final-review.md	docs/archive/personal-archive-pm/reports/VR-Q01-R2-final-review.md	79c9d23fe08be62ed9e714e296af4871299f3ba4d09921a858d1f05685b50c6a	10e6cf8dfc0af78cc963c57438364356bcc231e9c6d8695dddc96b002f736317	path/link rebasing
docs/pm/reports/VR-Q01-final-review.md	docs/archive/personal-archive-pm/reports/VR-Q01-final-review.md	1f5441c01d6f56752f495a0cdd3481ac359b53be8204297e58ebc7d2638a2ae6	bc517eedaf05fedd0284bef43caa5c60441e9eb6de15ec496ae941a0e4a233f1	path/link rebasing
docs/pm/reports/VR-Q01-technical-review.md	docs/archive/personal-archive-pm/reports/VR-Q01-technical-review.md	5525db240b62b031c5a414baf38eb5835a07c5bc8560e2a52d649fae17e87802	ca60c586477663f4dd63fe7e00b72f3e67297350cc08712c4b9e80c43a22b81d	path/link rebasing
docs/pm/reports/VR-pm-acceptance.md	docs/archive/personal-archive-pm/reports/VR-pm-acceptance.md	92885e709e6452cc0656f9fdc79db2188669a3bad75114ad9ec63227aed2bb8c	9d8fd8ed70b1663730042c9ad3e737aec5916e8e244238400bcdc72045139ec3	path/link rebasing
docs/pm/reports/VR-user-review.md	docs/archive/personal-archive-pm/reports/VR-user-review.md	5b968f5a8f9bfdb8f10e8c132d8535154a4d37bcab9ef9dcb88ebade39840dba	0ac1704c1c13cff92888991c4d9cff152c435efc4691a35c675da6d443a36f18	path/link rebasing
docs/pm/sessions/ARCH.md	docs/archive/personal-archive-pm/sessions/ARCH.md	b9c4b2eba394e554d086d25143176080cbdc9f21a074d6f653ebf5eff75be688	7110d1cce31612f6b3872347b6d56b483e34773e9525b5977e7211da81aaba2d	path/link rebasing
docs/pm/sessions/ART.md	docs/archive/personal-archive-pm/sessions/ART.md	3c42a0bcb5605a445e2ee4d79e42b9e67e63dfdc9290b829471b1ee1a3d2be15	ce94555f4884c19a8e5f6b55c8430056e9ac7ba3265c80484fd75c4158cc2b68	path/link rebasing
docs/pm/sessions/DEV.md	docs/archive/personal-archive-pm/sessions/DEV.md	486bf1f515d345b7ac43a19edfa0ab870d8faa67389ee63de30182984247e757	d91585a92e7521b9b03cd7cfa4abc32ab190019573fbd81666216e6781f0bf86	path/link rebasing
docs/pm/sessions/PM.md	docs/archive/personal-archive-pm/sessions/PM.md	cc2e8afa42cb0b5a1480bd0d64b06aed03bd3186e738079c9a267a062e6b83e8	7596711b09f8ee54920d9a02bf3eac758409097be96f5f24e81656942bf8e244	path/link rebasing
docs/pm/sessions/QA.md	docs/archive/personal-archive-pm/sessions/QA.md	0ec91135da440a12768b597ae51c6d6d4f22c7b1b2a8a51b6487e04433796823	d16bfa471785a78b2c512756aa39cfcd9eac135039bd1f88389248bec77ae7af	path/link rebasing
docs/pm/sessions/README.md	docs/archive/personal-archive-pm/sessions/README.md	80f05753033ab372146be4be68672ce549f6f08b0bdfaf6e4f6567ea9b5f2716	80f05753033ab372146be4be68672ce549f6f08b0bdfaf6e4f6567ea9b5f2716	pure move
docs/pm/templates/report.md	docs/archive/personal-archive-pm/templates/report.md	6de5e26924b3ad6872c9300c7097db8634f6cbb9c17a64980dcc0fda5371c493	6de5e26924b3ad6872c9300c7097db8634f6cbb9c17a64980dcc0fda5371c493	pure move
docs/pm/templates/task-card.md	docs/archive/personal-archive-pm/templates/task-card.md	ca9b2e21dd9e50813c25f6604eaf19eaecbeb98609c9e4a299b62b6b2c11116c	ca9b2e21dd9e50813c25f6604eaf19eaecbeb98609c9e4a299b62b6b2c11116c	pure move
docs/pm/workflow.md	docs/archive/personal-archive-pm/workflow.md	f75971b5e35c9f6e319ab68affefd4af1b786cdac4537cc06246121ae9f9435f	f75971b5e35c9f6e319ab68affefd4af1b786cdac4537cc06246121ae9f9435f	pure move
plan/00-principles.md	docs/roadmap/builder-graph/00-principles.md	03a01681c3a02caf2d96dd7c66f05bc195ba860c72e3b65a4dc47a47a5d4aa1e	03a01681c3a02caf2d96dd7c66f05bc195ba860c72e3b65a4dc47a47a5d4aa1e	pure move
plan/01-north-star.md	docs/roadmap/builder-graph/01-north-star.md	0fbc79f0c40f886a0543d5ed4ec770438e36cdd33840c7b181ee325a784ab79b	0fbc79f0c40f886a0543d5ed4ec770438e36cdd33840c7b181ee325a784ab79b	pure move
plan/02-system-boundaries.md	docs/roadmap/builder-graph/02-system-boundaries.md	37e31392013535628e8917a63a775f8dd2b5f6b3e686cbc84b215b62a70bbc6d	37e31392013535628e8917a63a775f8dd2b5f6b3e686cbc84b215b62a70bbc6d	pure move
plan/03-product-pillars.md	docs/roadmap/builder-graph/03-product-pillars.md	325967f5127c5b7bbe510e88feed63e1895efa4bd7786e2af9fd7934787a89b8	325967f5127c5b7bbe510e88feed63e1895efa4bd7786e2af9fd7934787a89b8	pure move
plan/04-evidence-and-trust.md	docs/roadmap/builder-graph/04-evidence-and-trust.md	6055ef62b8fdb93153551fb4dae08f69de05cca8c354d94766949ebf2e4161a2	6055ef62b8fdb93153551fb4dae08f69de05cca8c354d94766949ebf2e4161a2	pure move
plan/05-guards-and-budgets.md	docs/roadmap/builder-graph/05-guards-and-budgets.md	5a19a8e7b1f775899efd14618c13cc378247e5b6f8665f14de72579e6e3d4588	5a19a8e7b1f775899efd14618c13cc378247e5b6f8665f14de72579e6e3d4588	pure move
plan/06-roadmap.md	docs/roadmap/builder-graph/06-roadmap.md	38d117528487aa1e171189a59885fe6cf238b51cd9c6b2c20499b45796a5ba45	38d117528487aa1e171189a59885fe6cf238b51cd9c6b2c20499b45796a5ba45	pure move
plan/07-phase-a-foundation.md	docs/roadmap/builder-graph/07-phase-a-foundation.md	41b8d550caae70ba40d769b093ca059a49a3c9b38b4d1f49c851633dab247c60	41b8d550caae70ba40d769b093ca059a49a3c9b38b4d1f49c851633dab247c60	pure move
plan/08-phase-a-github-boundary.md	docs/roadmap/builder-graph/08-phase-a-github-boundary.md	9c53754fe34c3baf85dc9d728d0f15b75a52851e84667bd57cdc58ca364b0a71	9c53754fe34c3baf85dc9d728d0f15b75a52851e84667bd57cdc58ca364b0a71	pure move
plan/09-phase-a-graph-adapter.md	docs/roadmap/builder-graph/09-phase-a-graph-adapter.md	ce04078b8409f767903e4ececb5f74d048637113cc1d953d12d0488018832360	ce04078b8409f767903e4ececb5f74d048637113cc1d953d12d0488018832360	pure move
plan/10-phase-a-graph-surface.md	docs/roadmap/builder-graph/10-phase-a-graph-surface.md	1109030ddca67f63fa74767456d463510415a81a28efa789dc50eaf2077b6e45	1109030ddca67f63fa74767456d463510415a81a28efa789dc50eaf2077b6e45	pure move
plan/11-phase-a-public-preview.md	docs/roadmap/builder-graph/11-phase-a-public-preview.md	d72bd5d1222655c6b302c4e1a76d41b274bb84da128b2da2c87459a3bb041424	d72bd5d1222655c6b302c4e1a76d41b274bb84da128b2da2c87459a3bb041424	pure move
plan/12-phase-a-public-github-service.md	docs/roadmap/builder-graph/12-phase-a-public-github-service.md	639b46b7d4387dce0b187797081cb1aab77f15b3dd6a99d1e1b75b9b2215cff2	639b46b7d4387dce0b187797081cb1aab77f15b3dd6a99d1e1b75b9b2215cff2	pure move
plan/13-phase-a-preview-quality.md	docs/roadmap/builder-graph/13-phase-a-preview-quality.md	631f0aebae59d9f643f85ab53d48c683016d6065b2210789142fd273b2c5ba6b	631f0aebae59d9f643f85ab53d48c683016d6065b2210789142fd273b2c5ba6b	pure move
plan/14-phase-a-fixture-tests.md	docs/roadmap/builder-graph/14-phase-a-fixture-tests.md	b9f788326767738dd99415c396d3819936244286f1ead3dfbebdd46e22439f4e	b9f788326767738dd99415c396d3819936244286f1ead3dfbebdd46e22439f4e	pure move
plan/README.md	docs/roadmap/builder-graph/README.md	edc5de8364f646fb8262e7488ea6ad2d31b1c68b76be13b8a66a3495deb587f7	edc5de8364f646fb8262e7488ea6ad2d31b1c68b76be13b8a66a3495deb587f7	pure move
