source	link	resolvedTarget	reason
art/personal-archive/README.md	source/tim-cai-personal-archive.blend	art/personal-archive/source/tim-cai-personal-archive.blend	preexisting missing local target; retain logical mapped target
docs/pm/reports/NR-00-contract.md	../../../output/pm/NR-00/baseline-reconciliation.json	output/pm/NR-00/baseline-reconciliation.json	preexisting missing local target; retain logical mapped target
docs/pm/reports/NR-00-contract.md	../../../output/pm/NR-00/baseline-start.json	output/pm/NR-00/baseline-start.json	preexisting missing local target; retain logical mapped target
docs/pm/reports/NR-00-contract.md	../../../output/pm/NR-00/glb-structure.json	output/pm/NR-00/glb-structure.json	preexisting missing local target; retain logical mapped target
docs/pm/reports/NR-00-contract.md	../../../output/pm/NR-00/object-bindings.json	output/pm/NR-00/object-bindings.json	preexisting missing local target; retain logical mapped target
docs/pm/reports/NR-00-contract.md	../../../output/pm/NR-00/source-index.json	output/pm/NR-00/source-index.json	preexisting missing local target; retain logical mapped target
docs/pm/reports/NR-00-contract.md	../../../output/pm/NR-00/baseline-end.json	output/pm/NR-00/baseline-end.json	preexisting missing local target; retain logical mapped target
docs/pm/reports/NR-04-delivery.md	../../../output/pm/NR-04/global-story-samples.json	output/pm/NR-04/global-story-samples.json	preexisting missing local target; retain logical mapped target
docs/pm/reports/NR-04-delivery.md	../../../output/pm/NR-04/frame-stack-final-horizon.png	output/pm/NR-04/frame-stack-final-horizon.png	preexisting missing local target; retain logical mapped target
docs/pm/reports/NR-04-delivery.md	../../../output/pm/NR-04/stack-reading.png	output/pm/NR-04/stack-reading.png	preexisting missing local target; retain logical mapped target
docs/pm/reports/NR-04-delivery.md	../../../output/pm/NR-04/final-files.json	output/pm/NR-04/final-files.json	preexisting missing local target; retain logical mapped target
docs/pm/reports/NR-04-delivery.md	../../../output/pm/NR-04/rollback-status.json	output/pm/NR-04/rollback-status.json	preexisting missing local target; retain logical mapped target
docs/pm/reports/NR-Q02-R1-recheck.md	../../../output/pm/NR-Q02-R1/qa-transient-projection-recovery.json	output/pm/NR-Q02-R1/qa-transient-projection-recovery.json	preexisting missing local target; retain logical mapped target
docs/pm/reports/NR-Q02-R1-recheck.md	../../../output/pm/NR-Q02-R1/qa-r1-life-frame-recovered.png	output/pm/NR-Q02-R1/qa-r1-life-frame-recovered.png	preexisting missing local target; retain logical mapped target
docs/pm/reports/NR-Q02-R1-recheck.md	../../../output/pm/NR-Q02-R1/qa-transient-projection-recovery.png	output/pm/NR-Q02-R1/qa-transient-projection-recovery.png	preexisting missing local target; retain logical mapped target
docs/pm/reports/NR-Q02-R1-recheck.md	../../../output/pm/NR-Q02-R1/qa-independent-flow.json	output/pm/NR-Q02-R1/qa-independent-flow.json	preexisting missing local target; retain logical mapped target
docs/pm/reports/NR-Q02-R1-recheck.md	../../../output/pm/NR-Q02-R1/qa-gpu-latest-about.json	output/pm/NR-Q02-R1/qa-gpu-latest-about.json	preexisting missing local target; retain logical mapped target
docs/pm/reports/NR-Q02-sample-verification.md	../../../output/pm/NR-Q02/qa-transient-projection-recovery.json	output/pm/NR-Q02/qa-transient-projection-recovery.json	preexisting missing local target; retain logical mapped target
docs/pm/reports/NR-Q02-sample-verification.md	../../../output/pm/NR-Q02/qa-transient-projection-recovery.png	output/pm/NR-Q02/qa-transient-projection-recovery.png	preexisting missing local target; retain logical mapped target
docs/pm/reports/NR-Q02-sample-verification.md	../../../output/pm/NR-Q02/qa-independent-flow.json	output/pm/NR-Q02/qa-independent-flow.json	preexisting missing local target; retain logical mapped target
docs/pm/reports/NR-Q02-sample-verification.md	../../../output/pm/NR-Q02/qa-about-long.png	output/pm/NR-Q02/qa-about-long.png	preexisting missing local target; retain logical mapped target
docs/pm/reports/NR-Q02-sample-verification.md	../../../output/pm/NR-Q02/qa-about-object.png	output/pm/NR-Q02/qa-about-object.png	preexisting missing local target; retain logical mapped target
docs/pm/reports/NR-Q02-sample-verification.md	../../../output/pm/NR-Q02/qa-gpu-latest-about.json	output/pm/NR-Q02/qa-gpu-latest-about.json	preexisting missing local target; retain logical mapped target
docs/pm/reports/NR-Q02-sample-verification.md	../../../output/pm/NR-Q02/qa-gpu-latest-about.png	output/pm/NR-Q02/qa-gpu-latest-about.png	preexisting missing local target; retain logical mapped target
docs/pm/reports/VR-Q01-R1-final-review.md	../../../output/pm/VR-Q01-R1/review-evidence.md	output/pm/VR-Q01-R1/review-evidence.md	preexisting missing local target; retain logical mapped target
docs/pm/reports/VR-Q01-R1-final-review.md	../../../output/pm/VR-03-R1/pm-frozen.json	output/pm/VR-03-R1/pm-frozen.json	preexisting missing local target; retain logical mapped target
docs/pm/reports/VR-Q01-R2-final-review.md	../../../output/pm/VR-Q01-R2/review-evidence.md	output/pm/VR-Q01-R2/review-evidence.md	preexisting missing local target; retain logical mapped target
docs/pm/reports/VR-Q01-R2-final-review.md	../../../output/pm/VR-03-R2/pm-frozen.json	output/pm/VR-03-R2/pm-frozen.json	preexisting missing local target; retain logical mapped target
docs/pm/reports/VR-Q01-final-review.md	../../../output/pm/VR-Q01-final/pre-r1-review-evidence.md	output/pm/VR-Q01-final/pre-r1-review-evidence.md	preexisting missing local target; retain logical mapped target
docs/pm/reports/VR-Q01-final-review.md	../../../output/pm/VR-03/pm-frozen.json	output/pm/VR-03/pm-frozen.json	preexisting missing local target; retain logical mapped target
docs/pm/reports/VR-Q01-technical-review.md	../../../output/pm/VR-Q01/review-evidence.md	output/pm/VR-Q01/review-evidence.md	preexisting missing local target; retain logical mapped target
docs/pm/reports/VR-Q01-technical-review.md	../../../output/pm/VR-01/pm-accepted-files.json	output/pm/VR-01/pm-accepted-files.json	preexisting missing local target; retain logical mapped target
docs/pm/reports/VR-Q01-technical-review.md	../../../output/pm/VR-02A/pm-accepted.json	output/pm/VR-02A/pm-accepted.json	preexisting missing local target; retain logical mapped target
docs/pm/reports/VR-Q01-technical-review.md	../../../output/pm/VR-02B/pm-accepted.json	output/pm/VR-02B/pm-accepted.json	preexisting missing local target; retain logical mapped target
tools/personal_space/legacy/README-history.md	../../docs/landing/delivery/model-review.md	tools/docs/landing/delivery/model-review.md	preexisting missing local target; retain logical mapped target
tools/personal_space/legacy/README-history.md	../../docs/landing/experience/spatial-narrative.md	tools/docs/landing/experience/spatial-narrative.md	preexisting missing local target; retain logical mapped target
tools/personal_space/legacy/README-history.md	../../docs/landing/assets/personal-space.md	tools/docs/landing/assets/personal-space.md	preexisting missing local target; retain logical mapped target
